{
    "100 doors": "https://rosettacode.org/wiki/100_doors",
    "100 prisoners": "https://rosettacode.org/wiki/100_prisoners",
    "15 puzzle game": "https://rosettacode.org/wiki/15_puzzle_game",
    "15 puzzle solver": "https://rosettacode.org/wiki/15_puzzle_solver",
    "2048": "https://rosettacode.org/wiki/2048",
    "21 game": "https://rosettacode.org/wiki/21_game",
    "24 game": "https://rosettacode.org/wiki/24_game",
    "24 game/Solve": "https://rosettacode.org/wiki/24_game/Solve",
    "4-rings or 4-squares puzzle": "https://rosettacode.org/wiki/4-rings_or_4-squares_puzzle",
    "9 billion names of God the integer": "https://rosettacode.org/wiki/9_billion_names_of_God_the_integer",
    "99 bottles of beer": "https://rosettacode.org/wiki/99_bottles_of_beer",
    "A+B": "https://rosettacode.org/wiki/A%2BB",
    "Abbreviations, automatic": "https://rosettacode.org/wiki/Abbreviations,_automatic",
    "Abbreviations, easy": "https://rosettacode.org/wiki/Abbreviations,_easy",
    "Abbreviations, simple": "https://rosettacode.org/wiki/Abbreviations,_simple",
    "ABC problem": "https://rosettacode.org/wiki/ABC_problem",
    "Abelian sandpile model": "https://rosettacode.org/wiki/Abelian_sandpile_model",
    "Abelian sandpile model/Identity": "https://rosettacode.org/wiki/Abelian_sandpile_model/Identity",
    "Abstract type": "https://rosettacode.org/wiki/Abstract_type",
    "Abundant odd numbers": "https://rosettacode.org/wiki/Abundant_odd_numbers",
    "Abundant, deficient and perfect number classifications": "https://rosettacode.org/wiki/Abundant,_deficient_and_perfect_number_classifications",
    "Accumulator factory": "https://rosettacode.org/wiki/Accumulator_factory",
    "Ackermann function": "https://rosettacode.org/wiki/Ackermann_function",
    "Active Directory/Connect": "https://rosettacode.org/wiki/Active_Directory/Connect",
    "Active Directory/Search for a user": "https://rosettacode.org/wiki/Active_Directory/Search_for_a_user",
    "Active object": "https://rosettacode.org/wiki/Active_object",
    "Add a variable to a class instance at runtime": "https://rosettacode.org/wiki/Add_a_variable_to_a_class_instance_at_runtime",
    "Additive primes": "https://rosettacode.org/wiki/Additive_primes",
    "Address of a variable": "https://rosettacode.org/wiki/Address_of_a_variable",
    "AKS test for primes": "https://rosettacode.org/wiki/AKS_test_for_primes",
    "Align columns": "https://rosettacode.org/wiki/Align_columns",
    "Aliquot sequence classifications": "https://rosettacode.org/wiki/Aliquot_sequence_classifications",
    "Almkvist-Giullera formula for pi": "https://rosettacode.org/wiki/Almkvist-Giullera_formula_for_pi",
    "Almost prime": "https://rosettacode.org/wiki/Almost_prime",
    "Amb": "https://rosettacode.org/wiki/Amb",
    "Amicable pairs": "https://rosettacode.org/wiki/Amicable_pairs",
    "Anagrams": "https://rosettacode.org/wiki/Anagrams",
    "Anagrams/Deranged anagrams": "https://rosettacode.org/wiki/Anagrams/Deranged_anagrams",
    "Angle difference between two bearings": "https://rosettacode.org/wiki/Angle_difference_between_two_bearings",
    "Angles (geometric), normalization and conversion": "https://rosettacode.org/wiki/Angles_(geometric),_normalization_and_conversion",
    "Animate a pendulum": "https://rosettacode.org/wiki/Animate_a_pendulum",
    "Animation": "https://rosettacode.org/wiki/Animation",
    "Anonymous recursion": "https://rosettacode.org/wiki/Anonymous_recursion",
    "Anti-primes": "https://rosettacode.org/wiki/Anti-primes",
    "Append a record to the end of a text file": "https://rosettacode.org/wiki/Append_a_record_to_the_end_of_a_text_file",
    "Apply a callback to an array": "https://rosettacode.org/wiki/Apply_a_callback_to_an_array",
    "Apply a digital filter (direct form II transposed)": "https://rosettacode.org/wiki/Apply_a_digital_filter_(direct_form_II_transposed)",
    "Approximate equality": "https://rosettacode.org/wiki/Approximate_equality",
    "Arbitrary-precision integers (included)": "https://rosettacode.org/wiki/Arbitrary-precision_integers_(included)",
    "Archimedean spiral": "https://rosettacode.org/wiki/Archimedean_spiral",
    "Arena storage pool": "https://rosettacode.org/wiki/Arena_storage_pool",
    "Arithmetic evaluation": "https://rosettacode.org/wiki/Arithmetic_evaluation",
    "Arithmetic-geometric mean": "https://rosettacode.org/wiki/Arithmetic-geometric_mean",
    "Arithmetic-geometric mean/Calculate Pi": "https://rosettacode.org/wiki/Arithmetic-geometric_mean/Calculate_Pi",
    "Arithmetic/Complex": "https://rosettacode.org/wiki/Arithmetic/Complex",
    "Arithmetic/Integer": "https://rosettacode.org/wiki/Arithmetic/Integer",
    "Arithmetic/Rational": "https://rosettacode.org/wiki/Arithmetic/Rational",
    "Array concatenation": "https://rosettacode.org/wiki/Array_concatenation",
    "Array length": "https://rosettacode.org/wiki/Array_length",
    "Arrays": "https://rosettacode.org/wiki/Arrays",
    "ASCII art diagram converter": "https://rosettacode.org/wiki/ASCII_art_diagram_converter",
    "Assertions": "https://rosettacode.org/wiki/Assertions",
    "Associative array/Creation": "https://rosettacode.org/wiki/Associative_array/Creation",
    "Associative array/Iteration": "https://rosettacode.org/wiki/Associative_array/Iteration",
    "Associative array/Merging": "https://rosettacode.org/wiki/Associative_array/Merging",
    "Atomic updates": "https://rosettacode.org/wiki/Atomic_updates",
    "Attractive numbers": "https://rosettacode.org/wiki/Attractive_numbers",
    "Average loop length": "https://rosettacode.org/wiki/Average_loop_length",
    "Averages/Arithmetic mean": "https://rosettacode.org/wiki/Averages/Arithmetic_mean",
    "Averages/Mean angle": "https://rosettacode.org/wiki/Averages/Mean_angle",
    "Averages/Mean time of day": "https://rosettacode.org/wiki/Averages/Mean_time_of_day",
    "Averages/Median": "https://rosettacode.org/wiki/Averages/Median",
    "Averages/Mode": "https://rosettacode.org/wiki/Averages/Mode",
    "Averages/Pythagorean means": "https://rosettacode.org/wiki/Averages/Pythagorean_means",
    "Averages/Root mean square": "https://rosettacode.org/wiki/Averages/Root_mean_square",
    "Averages/Simple moving average": "https://rosettacode.org/wiki/Averages/Simple_moving_average",
    "AVL tree": "https://rosettacode.org/wiki/AVL_tree",
    "Babbage problem": "https://rosettacode.org/wiki/Babbage_problem",
    "Balanced brackets": "https://rosettacode.org/wiki/Balanced_brackets",
    "Balanced ternary": "https://rosettacode.org/wiki/Balanced_ternary",
    "Barnsley fern": "https://rosettacode.org/wiki/Barnsley_fern",
    "Base64 decode data": "https://rosettacode.org/wiki/Base64_decode_data",
    "Bell numbers": "https://rosettacode.org/wiki/Bell_numbers",
    "Benford's law": "https://rosettacode.org/wiki/Benford%27s_law",
    "Bernoulli numbers": "https://rosettacode.org/wiki/Bernoulli_numbers",
    "Best shuffle": "https://rosettacode.org/wiki/Best_shuffle",
    "Bin given limits": "https://rosettacode.org/wiki/Bin_given_limits",
    "Binary digits": "https://rosettacode.org/wiki/Binary_digits",
    "Binary search": "https://rosettacode.org/wiki/Binary_search",
    "Binary strings": "https://rosettacode.org/wiki/Binary_strings",
    "Bioinformatics/base count": "https://rosettacode.org/wiki/Bioinformatics/base_count",
    "Bioinformatics/Sequence mutation": "https://rosettacode.org/wiki/Bioinformatics/Sequence_mutation",
    "Biorhythms": "https://rosettacode.org/wiki/Biorhythms",
    "Bitcoin/address validation": "https://rosettacode.org/wiki/Bitcoin/address_validation",
    "Bitcoin/public point to address": "https://rosettacode.org/wiki/Bitcoin/public_point_to_address",
    "Bitmap": "https://rosettacode.org/wiki/Bitmap",
    "Bitmap/Bresenham's line algorithm": "https://rosettacode.org/wiki/Bitmap/Bresenham%27s_line_algorithm",
    "Bitmap/B\u00e9zier curves/Cubic": "https://rosettacode.org/wiki/Bitmap/B%C3%A9zier_curves/Cubic",
    "Bitmap/B\u00e9zier curves/Quadratic": "https://rosettacode.org/wiki/Bitmap/B%C3%A9zier_curves/Quadratic",
    "Bitmap/Flood fill": "https://rosettacode.org/wiki/Bitmap/Flood_fill",
    "Bitmap/Histogram": "https://rosettacode.org/wiki/Bitmap/Histogram",
    "Bitmap/Midpoint circle algorithm": "https://rosettacode.org/wiki/Bitmap/Midpoint_circle_algorithm",
    "Bitmap/PPM conversion through a pipe": "https://rosettacode.org/wiki/Bitmap/PPM_conversion_through_a_pipe",
    "Bitmap/Read a PPM file": "https://rosettacode.org/wiki/Bitmap/Read_a_PPM_file",
    "Bitmap/Read an image through a pipe": "https://rosettacode.org/wiki/Bitmap/Read_an_image_through_a_pipe",
    "Bitmap/Write a PPM file": "https://rosettacode.org/wiki/Bitmap/Write_a_PPM_file",
    "Bitwise IO": "https://rosettacode.org/wiki/Bitwise_IO",
    "Bitwise operations": "https://rosettacode.org/wiki/Bitwise_operations",
    "Boolean values": "https://rosettacode.org/wiki/Boolean_values",
    "Box the compass": "https://rosettacode.org/wiki/Box_the_compass",
    "Brace expansion": "https://rosettacode.org/wiki/Brace_expansion",
    "Brazilian numbers": "https://rosettacode.org/wiki/Brazilian_numbers",
    "Break OO privacy": "https://rosettacode.org/wiki/Break_OO_privacy",
    "Brownian tree": "https://rosettacode.org/wiki/Brownian_tree",
    "Bulls and cows": "https://rosettacode.org/wiki/Bulls_and_cows",
    "Bulls and cows/Player": "https://rosettacode.org/wiki/Bulls_and_cows/Player",
    "Burrows\u2013Wheeler transform": "https://rosettacode.org/wiki/Burrows%E2%80%93Wheeler_transform",
    "Caesar cipher": "https://rosettacode.org/wiki/Caesar_cipher",
    "Calculating the value of e": "https://rosettacode.org/wiki/Calculating_the_value_of_e",
    "Calendar": "https://rosettacode.org/wiki/Calendar",
    "Calendar - for &quot;REAL&quot; programmers": "https://rosettacode.org/wiki/Calendar_-_for_%22REAL%22_programmers",
    "Calkin-Wilf sequence": "https://rosettacode.org/wiki/Calkin-Wilf_sequence",
    "Call a foreign-language function": "https://rosettacode.org/wiki/Call_a_foreign-language_function",
    "Call a function": "https://rosettacode.org/wiki/Call_a_function",
    "Call a function in a shared library": "https://rosettacode.org/wiki/Call_a_function_in_a_shared_library",
    "Call an object method": "https://rosettacode.org/wiki/Call_an_object_method",
    "Canny edge detector": "https://rosettacode.org/wiki/Canny_edge_detector",
    "Canonicalize CIDR": "https://rosettacode.org/wiki/Canonicalize_CIDR",
    "Cantor set": "https://rosettacode.org/wiki/Cantor_set",
    "Carmichael 3 strong pseudoprimes": "https://rosettacode.org/wiki/Carmichael_3_strong_pseudoprimes",
    "Cartesian product of two or more lists": "https://rosettacode.org/wiki/Cartesian_product_of_two_or_more_lists",
    "Case-sensitivity of identifiers": "https://rosettacode.org/wiki/Case-sensitivity_of_identifiers",
    "Casting out nines": "https://rosettacode.org/wiki/Casting_out_nines",
    "Catalan numbers": "https://rosettacode.org/wiki/Catalan_numbers",
    "Catalan numbers/Pascal's triangle": "https://rosettacode.org/wiki/Catalan_numbers/Pascal%27s_triangle",
    "Catamorphism": "https://rosettacode.org/wiki/Catamorphism",
    "Catmull\u2013Clark subdivision surface": "https://rosettacode.org/wiki/Catmull%E2%80%93Clark_subdivision_surface",
    "Chaocipher": "https://rosettacode.org/wiki/Chaocipher",
    "Chaos game": "https://rosettacode.org/wiki/Chaos_game",
    "Character codes": "https://rosettacode.org/wiki/Character_codes",
    "Chat server": "https://rosettacode.org/wiki/Chat_server",
    "Check input device is a terminal": "https://rosettacode.org/wiki/Check_input_device_is_a_terminal",
    "Check Machin-like formulas": "https://rosettacode.org/wiki/Check_Machin-like_formulas",
    "Check output device is a terminal": "https://rosettacode.org/wiki/Check_output_device_is_a_terminal",
    "Check that file exists": "https://rosettacode.org/wiki/Check_that_file_exists",
    "Checkpoint synchronization": "https://rosettacode.org/wiki/Checkpoint_synchronization",
    "Chernick's Carmichael numbers": "https://rosettacode.org/wiki/Chernick%27s_Carmichael_numbers",
    "Cheryl's birthday": "https://rosettacode.org/wiki/Cheryl%27s_birthday",
    "Chinese remainder theorem": "https://rosettacode.org/wiki/Chinese_remainder_theorem",
    "Chinese zodiac": "https://rosettacode.org/wiki/Chinese_zodiac",
    "Cholesky decomposition": "https://rosettacode.org/wiki/Cholesky_decomposition",
    "Chowla numbers": "https://rosettacode.org/wiki/Chowla_numbers",
    "Church numerals": "https://rosettacode.org/wiki/Church_numerals",
    "Circles of given radius through two points": "https://rosettacode.org/wiki/Circles_of_given_radius_through_two_points",
    "Circular primes": "https://rosettacode.org/wiki/Circular_primes",
    "Cistercian numerals": "https://rosettacode.org/wiki/Cistercian_numerals",
    "Classes": "https://rosettacode.org/wiki/Classes",
    "Closest-pair problem": "https://rosettacode.org/wiki/Closest-pair_problem",
    "Closures/Value capture": "https://rosettacode.org/wiki/Closures/Value_capture",
    "Collections": "https://rosettacode.org/wiki/Collections",
    "Color of a screen pixel": "https://rosettacode.org/wiki/Color_of_a_screen_pixel",
    "Color quantization": "https://rosettacode.org/wiki/Color_quantization",
    "Color wheel": "https://rosettacode.org/wiki/Color_wheel",
    "Colour bars/Display": "https://rosettacode.org/wiki/Colour_bars/Display",
    "Colour pinstripe/Display": "https://rosettacode.org/wiki/Colour_pinstripe/Display",
    "Colour pinstripe/Printer": "https://rosettacode.org/wiki/Colour_pinstripe/Printer",
    "Combinations": "https://rosettacode.org/wiki/Combinations",
    "Combinations and permutations": "https://rosettacode.org/wiki/Combinations_and_permutations",
    "Combinations with repetitions": "https://rosettacode.org/wiki/Combinations_with_repetitions",
    "Comma quibbling": "https://rosettacode.org/wiki/Comma_quibbling",
    "Command-line arguments": "https://rosettacode.org/wiki/Command-line_arguments",
    "Commatizing numbers": "https://rosettacode.org/wiki/Commatizing_numbers",
    "Comments": "https://rosettacode.org/wiki/Comments",
    "Compare a list of strings": "https://rosettacode.org/wiki/Compare_a_list_of_strings",
    "Compare sorting algorithms' performance": "https://rosettacode.org/wiki/Compare_sorting_algorithms%27_performance",
    "Compile-time calculation": "https://rosettacode.org/wiki/Compile-time_calculation",
    "Compiler/AST interpreter": "https://rosettacode.org/wiki/Compiler/AST_interpreter",
    "Compiler/code generator": "https://rosettacode.org/wiki/Compiler/code_generator",
    "Compiler/lexical analyzer": "https://rosettacode.org/wiki/Compiler/lexical_analyzer",
    "Compiler/syntax analyzer": "https://rosettacode.org/wiki/Compiler/syntax_analyzer",
    "Compiler/virtual machine interpreter": "https://rosettacode.org/wiki/Compiler/virtual_machine_interpreter",
    "Compound data type": "https://rosettacode.org/wiki/Compound_data_type",
    "Concurrent computing": "https://rosettacode.org/wiki/Concurrent_computing",
    "Conditional structures": "https://rosettacode.org/wiki/Conditional_structures",
    "Conjugate transpose": "https://rosettacode.org/wiki/Conjugate_transpose",
    "Consecutive primes with ascending or descending dfferences": "https://rosettacode.org/wiki/Consecutive_primes_with_ascending_or_descending_dfferences",
    "Constrained genericity": "https://rosettacode.org/wiki/Constrained_genericity",
    "Constrained random points on a circle": "https://rosettacode.org/wiki/Constrained_random_points_on_a_circle",
    "Continued fraction": "https://rosettacode.org/wiki/Continued_fraction",
    "Continued fraction/Arithmetic/Construct from rational number": "https://rosettacode.org/wiki/Continued_fraction/Arithmetic/Construct_from_rational_number",
    "Convert decimal number to rational": "https://rosettacode.org/wiki/Convert_decimal_number_to_rational",
    "Convert seconds to compound duration": "https://rosettacode.org/wiki/Convert_seconds_to_compound_duration",
    "Convex hull": "https://rosettacode.org/wiki/Convex_hull",
    "Conway's Game of Life": "https://rosettacode.org/wiki/Conway%27s_Game_of_Life",
    "Copy a string": "https://rosettacode.org/wiki/Copy_a_string",
    "Copy stdin to stdout": "https://rosettacode.org/wiki/Copy_stdin_to_stdout",
    "Count in factors": "https://rosettacode.org/wiki/Count_in_factors",
    "Count in octal": "https://rosettacode.org/wiki/Count_in_octal",
    "Count occurrences of a substring": "https://rosettacode.org/wiki/Count_occurrences_of_a_substring",
    "Count the coins": "https://rosettacode.org/wiki/Count_the_coins",
    "Cramer's rule": "https://rosettacode.org/wiki/Cramer%27s_rule",
    "CRC-32": "https://rosettacode.org/wiki/CRC-32",
    "Create a file": "https://rosettacode.org/wiki/Create_a_file",
    "Create a file on magnetic tape": "https://rosettacode.org/wiki/Create_a_file_on_magnetic_tape",
    "Create a two-dimensional array at runtime": "https://rosettacode.org/wiki/Create_a_two-dimensional_array_at_runtime",
    "Create an HTML table": "https://rosettacode.org/wiki/Create_an_HTML_table",
    "Create an object at a given address": "https://rosettacode.org/wiki/Create_an_object_at_a_given_address",
    "CSV data manipulation": "https://rosettacode.org/wiki/CSV_data_manipulation",
    "CSV to HTML translation": "https://rosettacode.org/wiki/CSV_to_HTML_translation",
    "Cuban primes": "https://rosettacode.org/wiki/Cuban_primes",
    "Cumulative standard deviation": "https://rosettacode.org/wiki/Cumulative_standard_deviation",
    "Currency": "https://rosettacode.org/wiki/Currency",
    "Currying": "https://rosettacode.org/wiki/Currying",
    "CUSIP": "https://rosettacode.org/wiki/CUSIP",
    "Cut a rectangle": "https://rosettacode.org/wiki/Cut_a_rectangle",
    "Cyclotomic polynomial": "https://rosettacode.org/wiki/Cyclotomic_polynomial",
    "Damm algorithm": "https://rosettacode.org/wiki/Damm_algorithm",
    "Date format": "https://rosettacode.org/wiki/Date_format",
    "Date manipulation": "https://rosettacode.org/wiki/Date_manipulation",
    "Day of the week": "https://rosettacode.org/wiki/Day_of_the_week",
    "De Bruijn sequences": "https://rosettacode.org/wiki/De_Bruijn_sequences",
    "Deal cards for FreeCell": "https://rosettacode.org/wiki/Deal_cards_for_FreeCell",
    "Death Star": "https://rosettacode.org/wiki/Death_Star",
    "Deconvolution/1D": "https://rosettacode.org/wiki/Deconvolution/1D",
    "Deconvolution/2D+": "https://rosettacode.org/wiki/Deconvolution/2D%2B",
    "Deepcopy": "https://rosettacode.org/wiki/Deepcopy",
    "Define a primitive data type": "https://rosettacode.org/wiki/Define_a_primitive_data_type",
    "Delegates": "https://rosettacode.org/wiki/Delegates",
    "Delete a file": "https://rosettacode.org/wiki/Delete_a_file",
    "Deming's Funnel": "https://rosettacode.org/wiki/Deming%27s_Funnel",
    "Department numbers": "https://rosettacode.org/wiki/Department_numbers",
    "Detect division by zero": "https://rosettacode.org/wiki/Detect_division_by_zero",
    "Determinant and permanent": "https://rosettacode.org/wiki/Determinant_and_permanent",
    "Determine if a string has all the same characters": "https://rosettacode.org/wiki/Determine_if_a_string_has_all_the_same_characters",
    "Determine if a string has all unique characters": "https://rosettacode.org/wiki/Determine_if_a_string_has_all_unique_characters",
    "Determine if a string is collapsible": "https://rosettacode.org/wiki/Determine_if_a_string_is_collapsible",
    "Determine if a string is numeric": "https://rosettacode.org/wiki/Determine_if_a_string_is_numeric",
    "Determine if a string is squeezable": "https://rosettacode.org/wiki/Determine_if_a_string_is_squeezable",
    "Determine if only one instance is running": "https://rosettacode.org/wiki/Determine_if_only_one_instance_is_running",
    "Determine if two triangles overlap": "https://rosettacode.org/wiki/Determine_if_two_triangles_overlap",
    "Dice game probabilities": "https://rosettacode.org/wiki/Dice_game_probabilities",
    "Digital root": "https://rosettacode.org/wiki/Digital_root",
    "Digital root/Multiplicative digital root": "https://rosettacode.org/wiki/Digital_root/Multiplicative_digital_root",
    "Dijkstra's algorithm": "https://rosettacode.org/wiki/Dijkstra%27s_algorithm",
    "Dinesman's multiple-dwelling problem": "https://rosettacode.org/wiki/Dinesman%27s_multiple-dwelling_problem",
    "Dining philosophers": "https://rosettacode.org/wiki/Dining_philosophers",
    "Discordian date": "https://rosettacode.org/wiki/Discordian_date",
    "Display a linear combination": "https://rosettacode.org/wiki/Display_a_linear_combination",
    "Display an outline as a nested table": "https://rosettacode.org/wiki/Display_an_outline_as_a_nested_table",
    "Distributed programming": "https://rosettacode.org/wiki/Distributed_programming",
    "Diversity prediction theorem": "https://rosettacode.org/wiki/Diversity_prediction_theorem",
    "DNS query": "https://rosettacode.org/wiki/DNS_query",
    "Documentation": "https://rosettacode.org/wiki/Documentation",
    "Dot product": "https://rosettacode.org/wiki/Dot_product",
    "Doubly-linked list/Definition": "https://rosettacode.org/wiki/Doubly-linked_list/Definition",
    "Doubly-linked list/Element definition": "https://rosettacode.org/wiki/Doubly-linked_list/Element_definition",
    "Doubly-linked list/Element insertion": "https://rosettacode.org/wiki/Doubly-linked_list/Element_insertion",
    "Doubly-linked list/Traversal": "https://rosettacode.org/wiki/Doubly-linked_list/Traversal",
    "Dragon curve": "https://rosettacode.org/wiki/Dragon_curve",
    "Draw a clock": "https://rosettacode.org/wiki/Draw_a_clock",
    "Draw a cuboid": "https://rosettacode.org/wiki/Draw_a_cuboid",
    "Draw a pixel": "https://rosettacode.org/wiki/Draw_a_pixel",
    "Draw a rotating cube": "https://rosettacode.org/wiki/Draw_a_rotating_cube",
    "Draw a sphere": "https://rosettacode.org/wiki/Draw_a_sphere",
    "Dutch national flag problem": "https://rosettacode.org/wiki/Dutch_national_flag_problem",
    "Dynamic variable names": "https://rosettacode.org/wiki/Dynamic_variable_names",
    "Eban numbers": "https://rosettacode.org/wiki/Eban_numbers",
    "Echo server": "https://rosettacode.org/wiki/Echo_server",
    "Eertree": "https://rosettacode.org/wiki/Eertree",
    "Egyptian division": "https://rosettacode.org/wiki/Egyptian_division",
    "Egyptian fractions": "https://rosettacode.org/wiki/Egyptian_fractions",
    "EKG sequence convergence": "https://rosettacode.org/wiki/EKG_sequence_convergence",
    "Element-wise operations": "https://rosettacode.org/wiki/Element-wise_operations",
    "Elementary cellular automaton": "https://rosettacode.org/wiki/Elementary_cellular_automaton",
    "Elementary cellular automaton/Infinite length": "https://rosettacode.org/wiki/Elementary_cellular_automaton/Infinite_length",
    "Elementary cellular automaton/Random Number Generator": "https://rosettacode.org/wiki/Elementary_cellular_automaton/Random_Number_Generator",
    "Elliptic curve arithmetic": "https://rosettacode.org/wiki/Elliptic_curve_arithmetic",
    "Elliptic Curve Digital Signature Algorithm": "https://rosettacode.org/wiki/Elliptic_Curve_Digital_Signature_Algorithm",
    "Emirp primes": "https://rosettacode.org/wiki/Emirp_primes",
    "Empty directory": "https://rosettacode.org/wiki/Empty_directory",
    "Empty program": "https://rosettacode.org/wiki/Empty_program",
    "Empty string": "https://rosettacode.org/wiki/Empty_string",
    "Enforced immutability": "https://rosettacode.org/wiki/Enforced_immutability",
    "Entropy": "https://rosettacode.org/wiki/Entropy",
    "Entropy/Narcissist": "https://rosettacode.org/wiki/Entropy/Narcissist",
    "Enumerations": "https://rosettacode.org/wiki/Enumerations",
    "Environment variables": "https://rosettacode.org/wiki/Environment_variables",
    "Esthetic numbers": "https://rosettacode.org/wiki/Esthetic_numbers",
    "Ethiopian multiplication": "https://rosettacode.org/wiki/Ethiopian_multiplication",
    "Euler method": "https://rosettacode.org/wiki/Euler_method",
    "Euler's identity": "https://rosettacode.org/wiki/Euler%27s_identity",
    "Euler's sum of powers conjecture": "https://rosettacode.org/wiki/Euler%27s_sum_of_powers_conjecture",
    "Evaluate binomial coefficients": "https://rosettacode.org/wiki/Evaluate_binomial_coefficients",
    "Even or odd": "https://rosettacode.org/wiki/Even_or_odd",
    "Events": "https://rosettacode.org/wiki/Events",
    "Evolutionary algorithm": "https://rosettacode.org/wiki/Evolutionary_algorithm",
    "Exceptions": "https://rosettacode.org/wiki/Exceptions",
    "Exceptions/Catch an exception thrown in a nested call": "https://rosettacode.org/wiki/Exceptions/Catch_an_exception_thrown_in_a_nested_call",
    "Executable library": "https://rosettacode.org/wiki/Executable_library",
    "Execute a Markov algorithm": "https://rosettacode.org/wiki/Execute_a_Markov_algorithm",
    "Execute a system command": "https://rosettacode.org/wiki/Execute_a_system_command",
    "Execute Brain****": "https://rosettacode.org/wiki/Execute_Brain****",
    "Execute HQ9+": "https://rosettacode.org/wiki/Execute_HQ9%2B",
    "Execute SNUSP": "https://rosettacode.org/wiki/Execute_SNUSP",
    "Exponentiation operator": "https://rosettacode.org/wiki/Exponentiation_operator",
    "Exponentiation order": "https://rosettacode.org/wiki/Exponentiation_order",
    "Exponentiation with infix operators in (or operating on) the base": "https://rosettacode.org/wiki/Exponentiation_with_infix_operators_in_(or_operating_on)_the_base",
    "Extend your language": "https://rosettacode.org/wiki/Extend_your_language",
    "Extensible prime generator": "https://rosettacode.org/wiki/Extensible_prime_generator",
    "Extreme floating point values": "https://rosettacode.org/wiki/Extreme_floating_point_values",
    "Faces from a mesh": "https://rosettacode.org/wiki/Faces_from_a_mesh",
    "Factorial": "https://rosettacode.org/wiki/Factorial",
    "Factorions": "https://rosettacode.org/wiki/Factorions",
    "Factors of a Mersenne number": "https://rosettacode.org/wiki/Factors_of_a_Mersenne_number",
    "Factors of an integer": "https://rosettacode.org/wiki/Factors_of_an_integer",
    "Fairshare between two and more": "https://rosettacode.org/wiki/Fairshare_between_two_and_more",
    "Farey sequence": "https://rosettacode.org/wiki/Farey_sequence",
    "Fast Fourier transform": "https://rosettacode.org/wiki/Fast_Fourier_transform",
    "FASTA format": "https://rosettacode.org/wiki/FASTA_format",
    "Faulhaber's formula": "https://rosettacode.org/wiki/Faulhaber%27s_formula",
    "Faulhaber's triangle": "https://rosettacode.org/wiki/Faulhaber%27s_triangle",
    "Feigenbaum constant calculation": "https://rosettacode.org/wiki/Feigenbaum_constant_calculation",
    "Fermat numbers": "https://rosettacode.org/wiki/Fermat_numbers",
    "Fibonacci n-step number sequences": "https://rosettacode.org/wiki/Fibonacci_n-step_number_sequences",
    "Fibonacci sequence": "https://rosettacode.org/wiki/Fibonacci_sequence",
    "Fibonacci word": "https://rosettacode.org/wiki/Fibonacci_word",
    "Fibonacci word/fractal": "https://rosettacode.org/wiki/Fibonacci_word/fractal",
    "File extension is in extensions list": "https://rosettacode.org/wiki/File_extension_is_in_extensions_list",
    "File input/output": "https://rosettacode.org/wiki/File_input/output",
    "File modification time": "https://rosettacode.org/wiki/File_modification_time",
    "File size": "https://rosettacode.org/wiki/File_size",
    "File size distribution": "https://rosettacode.org/wiki/File_size_distribution",
    "Filter": "https://rosettacode.org/wiki/Filter",
    "Find Chess960 starting position identifier": "https://rosettacode.org/wiki/Find_Chess960_starting_position_identifier",
    "Find common directory path": "https://rosettacode.org/wiki/Find_common_directory_path",
    "Find duplicate files": "https://rosettacode.org/wiki/Find_duplicate_files",
    "Find if a point is within a triangle": "https://rosettacode.org/wiki/Find_if_a_point_is_within_a_triangle",
    "Find largest left truncatable prime in a given base": "https://rosettacode.org/wiki/Find_largest_left_truncatable_prime_in_a_given_base",
    "Find limit of recursion": "https://rosettacode.org/wiki/Find_limit_of_recursion",
    "Find palindromic numbers in both binary and ternary bases": "https://rosettacode.org/wiki/Find_palindromic_numbers_in_both_binary_and_ternary_bases",
    "Find the intersection of a line with a plane": "https://rosettacode.org/wiki/Find_the_intersection_of_a_line_with_a_plane",
    "Find the intersection of two lines": "https://rosettacode.org/wiki/Find_the_intersection_of_two_lines",
    "Find the last Sunday of each month": "https://rosettacode.org/wiki/Find_the_last_Sunday_of_each_month",
    "Find the missing permutation": "https://rosettacode.org/wiki/Find_the_missing_permutation",
    "First class environments": "https://rosettacode.org/wiki/First_class_environments",
    "First perfect square in base n with n unique digits": "https://rosettacode.org/wiki/First_perfect_square_in_base_n_with_n_unique_digits",
    "First power of 2 that has leading decimal digits of 12": "https://rosettacode.org/wiki/First_power_of_2_that_has_leading_decimal_digits_of_12",
    "First-class functions": "https://rosettacode.org/wiki/First-class_functions",
    "First-class functions/Use numbers analogously": "https://rosettacode.org/wiki/First-class_functions/Use_numbers_analogously",
    "Five weekends": "https://rosettacode.org/wiki/Five_weekends",
    "Fivenum": "https://rosettacode.org/wiki/Fivenum",
    "Fixed length records": "https://rosettacode.org/wiki/Fixed_length_records",
    "FizzBuzz": "https://rosettacode.org/wiki/FizzBuzz",
    "Flatten a list": "https://rosettacode.org/wiki/Flatten_a_list",
    "Flipping bits game": "https://rosettacode.org/wiki/Flipping_bits_game",
    "Flow-control structures": "https://rosettacode.org/wiki/Flow-control_structures",
    "Floyd's triangle": "https://rosettacode.org/wiki/Floyd%27s_triangle",
    "Floyd-Warshall algorithm": "https://rosettacode.org/wiki/Floyd-Warshall_algorithm",
    "Forest fire": "https://rosettacode.org/wiki/Forest_fire",
    "Fork": "https://rosettacode.org/wiki/Fork",
    "Formal power series": "https://rosettacode.org/wiki/Formal_power_series",
    "Formatted numeric output": "https://rosettacode.org/wiki/Formatted_numeric_output",
    "Fortunate numbers": "https://rosettacode.org/wiki/Fortunate_numbers",
    "Forward difference": "https://rosettacode.org/wiki/Forward_difference",
    "Four bit adder": "https://rosettacode.org/wiki/Four_bit_adder",
    "Four is magic": "https://rosettacode.org/wiki/Four_is_magic",
    "Four is the number of letters in the ...": "https://rosettacode.org/wiki/Four_is_the_number_of_letters_in_the_...",
    "Fractal tree": "https://rosettacode.org/wiki/Fractal_tree",
    "Fraction reduction": "https://rosettacode.org/wiki/Fraction_reduction",
    "Fractran": "https://rosettacode.org/wiki/Fractran",
    "French Republican calendar": "https://rosettacode.org/wiki/French_Republican_calendar",
    "FTP": "https://rosettacode.org/wiki/FTP",
    "Function composition": "https://rosettacode.org/wiki/Function_composition",
    "Function definition": "https://rosettacode.org/wiki/Function_definition",
    "Function frequency": "https://rosettacode.org/wiki/Function_frequency",
    "Function prototype": "https://rosettacode.org/wiki/Function_prototype",
    "Functional coverage tree": "https://rosettacode.org/wiki/Functional_coverage_tree",
    "Fusc sequence": "https://rosettacode.org/wiki/Fusc_sequence",
    "Galton box animation": "https://rosettacode.org/wiki/Galton_box_animation",
    "Gamma function": "https://rosettacode.org/wiki/Gamma_function",
    "Gapful numbers": "https://rosettacode.org/wiki/Gapful_numbers",
    "Gauss-Jordan matrix inversion": "https://rosettacode.org/wiki/Gauss-Jordan_matrix_inversion",
    "Gaussian elimination": "https://rosettacode.org/wiki/Gaussian_elimination",
    "General FizzBuzz": "https://rosettacode.org/wiki/General_FizzBuzz",
    "Generate Chess960 starting position": "https://rosettacode.org/wiki/Generate_Chess960_starting_position",
    "Generate lower case ASCII alphabet": "https://rosettacode.org/wiki/Generate_lower_case_ASCII_alphabet",
    "Generate random chess position": "https://rosettacode.org/wiki/Generate_random_chess_position",
    "Generator/Exponential": "https://rosettacode.org/wiki/Generator/Exponential",
    "Generic swap": "https://rosettacode.org/wiki/Generic_swap",
    "Get system command output": "https://rosettacode.org/wiki/Get_system_command_output",
    "Globally replace text in several files": "https://rosettacode.org/wiki/Globally_replace_text_in_several_files",
    "Go Fish": "https://rosettacode.org/wiki/Go_Fish",
    "Graph colouring": "https://rosettacode.org/wiki/Graph_colouring",
    "Gray code": "https://rosettacode.org/wiki/Gray_code",
    "Grayscale image": "https://rosettacode.org/wiki/Grayscale_image",
    "Greatest common divisor": "https://rosettacode.org/wiki/Greatest_common_divisor",
    "Greatest element of a list": "https://rosettacode.org/wiki/Greatest_element_of_a_list",
    "Greatest subsequential sum": "https://rosettacode.org/wiki/Greatest_subsequential_sum",
    "Greyscale bars/Display": "https://rosettacode.org/wiki/Greyscale_bars/Display",
    "Guess the number": "https://rosettacode.org/wiki/Guess_the_number",
    "Guess the number/With feedback": "https://rosettacode.org/wiki/Guess_the_number/With_feedback",
    "Guess the number/With feedback (player)": "https://rosettacode.org/wiki/Guess_the_number/With_feedback_(player)",
    "GUI component interaction": "https://rosettacode.org/wiki/GUI_component_interaction",
    "GUI enabling/disabling of controls": "https://rosettacode.org/wiki/GUI_enabling/disabling_of_controls",
    "GUI/Maximum window dimensions": "https://rosettacode.org/wiki/GUI/Maximum_window_dimensions",
    "Hailstone sequence": "https://rosettacode.org/wiki/Hailstone_sequence",
    "Halt and catch fire": "https://rosettacode.org/wiki/Halt_and_catch_fire",
    "Hamming numbers": "https://rosettacode.org/wiki/Hamming_numbers",
    "Handle a signal": "https://rosettacode.org/wiki/Handle_a_signal",
    "Happy numbers": "https://rosettacode.org/wiki/Happy_numbers",
    "Harshad or Niven series": "https://rosettacode.org/wiki/Harshad_or_Niven_series",
    "Hash from two arrays": "https://rosettacode.org/wiki/Hash_from_two_arrays",
    "Hash join": "https://rosettacode.org/wiki/Hash_join",
    "Haversine formula": "https://rosettacode.org/wiki/Haversine_formula",
    "Hello world/Graphical": "https://rosettacode.org/wiki/Hello_world/Graphical",
    "Hello world/Line printer": "https://rosettacode.org/wiki/Hello_world/Line_printer",
    "Hello world/Newbie": "https://rosettacode.org/wiki/Hello_world/Newbie",
    "Hello world/Newline omission": "https://rosettacode.org/wiki/Hello_world/Newline_omission",
    "Hello world/Standard error": "https://rosettacode.org/wiki/Hello_world/Standard_error",
    "Hello world/Text": "https://rosettacode.org/wiki/Hello_world/Text",
    "Hello world/Web server": "https://rosettacode.org/wiki/Hello_world/Web_server",
    "Here document": "https://rosettacode.org/wiki/Here_document",
    "Heronian triangles": "https://rosettacode.org/wiki/Heronian_triangles",
    "Hickerson series of almost integers": "https://rosettacode.org/wiki/Hickerson_series_of_almost_integers",
    "Higher-order functions": "https://rosettacode.org/wiki/Higher-order_functions",
    "Hilbert curve": "https://rosettacode.org/wiki/Hilbert_curve",
    "History variables": "https://rosettacode.org/wiki/History_variables",
    "Hofstadter Figure-Figure sequences": "https://rosettacode.org/wiki/Hofstadter_Figure-Figure_sequences",
    "Hofstadter Q sequence": "https://rosettacode.org/wiki/Hofstadter_Q_sequence",
    "Hofstadter-Conway $10,000 sequence": "https://rosettacode.org/wiki/Hofstadter-Conway_$10,000_sequence",
    "Holidays related to Easter": "https://rosettacode.org/wiki/Holidays_related_to_Easter",
    "Honeycombs": "https://rosettacode.org/wiki/Honeycombs",
    "Horizontal sundial calculations": "https://rosettacode.org/wiki/Horizontal_sundial_calculations",
    "Horner's rule for polynomial evaluation": "https://rosettacode.org/wiki/Horner%27s_rule_for_polynomial_evaluation",
    "Host introspection": "https://rosettacode.org/wiki/Host_introspection",
    "Hostname": "https://rosettacode.org/wiki/Hostname",
    "Hough transform": "https://rosettacode.org/wiki/Hough_transform",
    "HTTP": "https://rosettacode.org/wiki/HTTP",
    "HTTPS": "https://rosettacode.org/wiki/HTTPS",
    "HTTPS/Authenticated": "https://rosettacode.org/wiki/HTTPS/Authenticated",
    "HTTPS/Client-authenticated": "https://rosettacode.org/wiki/HTTPS/Client-authenticated",
    "Huffman coding": "https://rosettacode.org/wiki/Huffman_coding",
    "Humble numbers": "https://rosettacode.org/wiki/Humble_numbers",
    "Hunt the Wumpus": "https://rosettacode.org/wiki/Hunt_the_Wumpus",
    "I before E except after C": "https://rosettacode.org/wiki/I_before_E_except_after_C",
    "IBAN": "https://rosettacode.org/wiki/IBAN",
    "Identity matrix": "https://rosettacode.org/wiki/Identity_matrix",
    "Idiomatically determine all the characters that can be used for symbols": "https://rosettacode.org/wiki/Idiomatically_determine_all_the_characters_that_can_be_used_for_symbols",
    "Idiomatically determine all the lowercase and uppercase letters": "https://rosettacode.org/wiki/Idiomatically_determine_all_the_lowercase_and_uppercase_letters",
    "Image convolution": "https://rosettacode.org/wiki/Image_convolution",
    "Image noise": "https://rosettacode.org/wiki/Image_noise",
    "Imaginary base numbers": "https://rosettacode.org/wiki/Imaginary_base_numbers",
    "Include a file": "https://rosettacode.org/wiki/Include_a_file",
    "Increasing gaps between consecutive Niven numbers": "https://rosettacode.org/wiki/Increasing_gaps_between_consecutive_Niven_numbers",
    "Increment a numerical string": "https://rosettacode.org/wiki/Increment_a_numerical_string",
    "Index finite lists of positive integers": "https://rosettacode.org/wiki/Index_finite_lists_of_positive_integers",
    "Infinity": "https://rosettacode.org/wiki/Infinity",
    "Inheritance/Multiple": "https://rosettacode.org/wiki/Inheritance/Multiple",
    "Inheritance/Single": "https://rosettacode.org/wiki/Inheritance/Single",
    "Input loop": "https://rosettacode.org/wiki/Input_loop",
    "Integer comparison": "https://rosettacode.org/wiki/Integer_comparison",
    "Integer overflow": "https://rosettacode.org/wiki/Integer_overflow",
    "Integer sequence": "https://rosettacode.org/wiki/Integer_sequence",
    "Interactive programming": "https://rosettacode.org/wiki/Interactive_programming",
    "Intersecting number wheels": "https://rosettacode.org/wiki/Intersecting_number_wheels",
    "Introspection": "https://rosettacode.org/wiki/Introspection",
    "Inverted syntax": "https://rosettacode.org/wiki/Inverted_syntax",
    "ISBN13 check digit": "https://rosettacode.org/wiki/ISBN13_check_digit",
    "Isqrt (integer square root) of X": "https://rosettacode.org/wiki/Isqrt_(integer_square_root)_of_X",
    "Iterated digits squaring": "https://rosettacode.org/wiki/Iterated_digits_squaring",
    "Jacobi symbol": "https://rosettacode.org/wiki/Jacobi_symbol",
    "Jaro similarity": "https://rosettacode.org/wiki/Jaro_similarity",
    "Jaro-Winkler distance": "https://rosettacode.org/wiki/Jaro-Winkler_distance",
    "Jensen's Device": "https://rosettacode.org/wiki/Jensen%27s_Device",
    "Jewels and stones": "https://rosettacode.org/wiki/Jewels_and_stones",
    "JortSort": "https://rosettacode.org/wiki/JortSort",
    "Josephus problem": "https://rosettacode.org/wiki/Josephus_problem",
    "Joystick position": "https://rosettacode.org/wiki/Joystick_position",
    "JSON": "https://rosettacode.org/wiki/JSON",
    "Juggler sequence": "https://rosettacode.org/wiki/Juggler_sequence",
    "Julia set": "https://rosettacode.org/wiki/Julia_set",
    "Jump anywhere": "https://rosettacode.org/wiki/Jump_anywhere",
    "K-d tree": "https://rosettacode.org/wiki/K-d_tree",
    "K-means++ clustering": "https://rosettacode.org/wiki/K-means%2B%2B_clustering",
    "Kaprekar numbers": "https://rosettacode.org/wiki/Kaprekar_numbers",
    "Kernighans large earthquake problem": "https://rosettacode.org/wiki/Kernighans_large_earthquake_problem",
    "Keyboard input/Flush the keyboard buffer": "https://rosettacode.org/wiki/Keyboard_input/Flush_the_keyboard_buffer",
    "Keyboard input/Keypress check": "https://rosettacode.org/wiki/Keyboard_input/Keypress_check",
    "Keyboard input/Obtain a Y or N response": "https://rosettacode.org/wiki/Keyboard_input/Obtain_a_Y_or_N_response",
    "Keyboard macros": "https://rosettacode.org/wiki/Keyboard_macros",
    "Knapsack problem/0-1": "https://rosettacode.org/wiki/Knapsack_problem/0-1",
    "Knapsack problem/Bounded": "https://rosettacode.org/wiki/Knapsack_problem/Bounded",
    "Knapsack problem/Continuous": "https://rosettacode.org/wiki/Knapsack_problem/Continuous",
    "Knapsack problem/Unbounded": "https://rosettacode.org/wiki/Knapsack_problem/Unbounded",
    "Knight's tour": "https://rosettacode.org/wiki/Knight%27s_tour",
    "Knuth shuffle": "https://rosettacode.org/wiki/Knuth_shuffle",
    "Knuth's algorithm S": "https://rosettacode.org/wiki/Knuth%27s_algorithm_S",
    "Knuth's power tree": "https://rosettacode.org/wiki/Knuth%27s_power_tree",
    "Koch curve": "https://rosettacode.org/wiki/Koch_curve",
    "Kolakoski sequence": "https://rosettacode.org/wiki/Kolakoski_sequence",
    "Kosaraju": "https://rosettacode.org/wiki/Kosaraju",
    "Kronecker product": "https://rosettacode.org/wiki/Kronecker_product",
    "Kronecker product based fractals": "https://rosettacode.org/wiki/Kronecker_product_based_fractals",
    "Lah numbers": "https://rosettacode.org/wiki/Lah_numbers",
    "Langton's ant": "https://rosettacode.org/wiki/Langton%27s_ant",
    "Largest int from concatenated ints": "https://rosettacode.org/wiki/Largest_int_from_concatenated_ints",
    "Largest number divisible by its digits": "https://rosettacode.org/wiki/Largest_number_divisible_by_its_digits",
    "Largest proper divisor of n": "https://rosettacode.org/wiki/Largest_proper_divisor_of_n",
    "Last Friday of each month": "https://rosettacode.org/wiki/Last_Friday_of_each_month",
    "Last letter-first letter": "https://rosettacode.org/wiki/Last_letter-first_letter",
    "Latin Squares in reduced form": "https://rosettacode.org/wiki/Latin_Squares_in_reduced_form",
    "Latin Squares in reduced form/Randomizing using Jacobson and Matthews\u2019 Technique": "https://rosettacode.org/wiki/Latin_Squares_in_reduced_form/Randomizing_using_Jacobson_and_Matthews%E2%80%99_Technique",
    "Law of cosines - triples": "https://rosettacode.org/wiki/Law_of_cosines_-_triples",
    "Leap year": "https://rosettacode.org/wiki/Leap_year",
    "Least common multiple": "https://rosettacode.org/wiki/Least_common_multiple",
    "Left factorials": "https://rosettacode.org/wiki/Left_factorials",
    "Legendre prime counting function": "https://rosettacode.org/wiki/Legendre_prime_counting_function",
    "Leonardo numbers": "https://rosettacode.org/wiki/Leonardo_numbers",
    "Letter frequency": "https://rosettacode.org/wiki/Letter_frequency",
    "Levenshtein distance": "https://rosettacode.org/wiki/Levenshtein_distance",
    "Levenshtein distance/Alignment": "https://rosettacode.org/wiki/Levenshtein_distance/Alignment",
    "Linear congruential generator": "https://rosettacode.org/wiki/Linear_congruential_generator",
    "List comprehensions": "https://rosettacode.org/wiki/List_comprehensions",
    "List rooted trees": "https://rosettacode.org/wiki/List_rooted_trees",
    "Literals/Floating point": "https://rosettacode.org/wiki/Literals/Floating_point",
    "Literals/Integer": "https://rosettacode.org/wiki/Literals/Integer",
    "Literals/String": "https://rosettacode.org/wiki/Literals/String",
    "Logical operations": "https://rosettacode.org/wiki/Logical_operations",
    "Long literals, with continuations": "https://rosettacode.org/wiki/Long_literals,_with_continuations",
    "Long multiplication": "https://rosettacode.org/wiki/Long_multiplication",
    "Long primes": "https://rosettacode.org/wiki/Long_primes",
    "Long year": "https://rosettacode.org/wiki/Long_year",
    "Longest common subsequence": "https://rosettacode.org/wiki/Longest_common_subsequence",
    "Longest common substring": "https://rosettacode.org/wiki/Longest_common_substring",
    "Longest increasing subsequence": "https://rosettacode.org/wiki/Longest_increasing_subsequence",
    "Longest string challenge": "https://rosettacode.org/wiki/Longest_string_challenge",
    "Look-and-say sequence": "https://rosettacode.org/wiki/Look-and-say_sequence",
    "Loop over multiple arrays simultaneously": "https://rosettacode.org/wiki/Loop_over_multiple_arrays_simultaneously",
    "Loops/Break": "https://rosettacode.org/wiki/Loops/Break",
    "Loops/Continue": "https://rosettacode.org/wiki/Loops/Continue",
    "Loops/Do-while": "https://rosettacode.org/wiki/Loops/Do-while",
    "Loops/Downward for": "https://rosettacode.org/wiki/Loops/Downward_for",
    "Loops/For": "https://rosettacode.org/wiki/Loops/For",
    "Loops/For with a specified step": "https://rosettacode.org/wiki/Loops/For_with_a_specified_step",
    "Loops/Foreach": "https://rosettacode.org/wiki/Loops/Foreach",
    "Loops/Infinite": "https://rosettacode.org/wiki/Loops/Infinite",
    "Loops/N plus one half": "https://rosettacode.org/wiki/Loops/N_plus_one_half",
    "Loops/Nested": "https://rosettacode.org/wiki/Loops/Nested",
    "Loops/While": "https://rosettacode.org/wiki/Loops/While",
    "Loops/With multiple ranges": "https://rosettacode.org/wiki/Loops/With_multiple_ranges",
    "Loops/Wrong ranges": "https://rosettacode.org/wiki/Loops/Wrong_ranges",
    "LU decomposition": "https://rosettacode.org/wiki/LU_decomposition",
    "Lucas-Lehmer test": "https://rosettacode.org/wiki/Lucas-Lehmer_test",
    "Lucky and even lucky numbers": "https://rosettacode.org/wiki/Lucky_and_even_lucky_numbers",
    "Ludic numbers": "https://rosettacode.org/wiki/Ludic_numbers",
    "Luhn test of credit card numbers": "https://rosettacode.org/wiki/Luhn_test_of_credit_card_numbers",
    "Lychrel numbers": "https://rosettacode.org/wiki/Lychrel_numbers",
    "LZW compression": "https://rosettacode.org/wiki/LZW_compression",
    "MAC Vendor Lookup": "https://rosettacode.org/wiki/MAC_Vendor_Lookup",
    "Machine code": "https://rosettacode.org/wiki/Machine_code",
    "Mad Libs": "https://rosettacode.org/wiki/Mad_Libs",
    "Magic 8-ball": "https://rosettacode.org/wiki/Magic_8-ball",
    "Magic squares of doubly even order": "https://rosettacode.org/wiki/Magic_squares_of_doubly_even_order",
    "Magic squares of odd order": "https://rosettacode.org/wiki/Magic_squares_of_odd_order",
    "Magic squares of singly even order": "https://rosettacode.org/wiki/Magic_squares_of_singly_even_order",
    "Magnanimous numbers": "https://rosettacode.org/wiki/Magnanimous_numbers",
    "Main step of GOST 28147-89": "https://rosettacode.org/wiki/Main_step_of_GOST_28147-89",
    "Make directory path": "https://rosettacode.org/wiki/Make_directory_path",
    "Man or boy test": "https://rosettacode.org/wiki/Man_or_boy_test",
    "Mandelbrot set": "https://rosettacode.org/wiki/Mandelbrot_set",
    "Map range": "https://rosettacode.org/wiki/Map_range",
    "Mastermind": "https://rosettacode.org/wiki/Mastermind",
    "Matrix chain multiplication": "https://rosettacode.org/wiki/Matrix_chain_multiplication",
    "Matrix digital rain": "https://rosettacode.org/wiki/Matrix_digital_rain",
    "Matrix multiplication": "https://rosettacode.org/wiki/Matrix_multiplication",
    "Matrix transposition": "https://rosettacode.org/wiki/Matrix_transposition",
    "Matrix-exponentiation operator": "https://rosettacode.org/wiki/Matrix-exponentiation_operator",
    "Maximum triangle path sum": "https://rosettacode.org/wiki/Maximum_triangle_path_sum",
    "Mayan calendar": "https://rosettacode.org/wiki/Mayan_calendar",
    "Mayan numerals": "https://rosettacode.org/wiki/Mayan_numerals",
    "Maze generation": "https://rosettacode.org/wiki/Maze_generation",
    "Maze solving": "https://rosettacode.org/wiki/Maze_solving",
    "McNuggets problem": "https://rosettacode.org/wiki/McNuggets_problem",
    "MD4": "https://rosettacode.org/wiki/MD4",
    "MD5": "https://rosettacode.org/wiki/MD5",
    "MD5/Implementation": "https://rosettacode.org/wiki/MD5/Implementation",
    "Median filter": "https://rosettacode.org/wiki/Median_filter",
    "Memory allocation": "https://rosettacode.org/wiki/Memory_allocation",
    "Memory layout of a data structure": "https://rosettacode.org/wiki/Memory_layout_of_a_data_structure",
    "Menu": "https://rosettacode.org/wiki/Menu",
    "Merge and aggregate datasets": "https://rosettacode.org/wiki/Merge_and_aggregate_datasets",
    "Mertens function": "https://rosettacode.org/wiki/Mertens_function",
    "Metallic ratios": "https://rosettacode.org/wiki/Metallic_ratios",
    "Metaprogramming": "https://rosettacode.org/wiki/Metaprogramming",
    "Metered concurrency": "https://rosettacode.org/wiki/Metered_concurrency",
    "Metronome": "https://rosettacode.org/wiki/Metronome",
    "Mian-Chowla sequence": "https://rosettacode.org/wiki/Mian-Chowla_sequence",
    "Middle three digits": "https://rosettacode.org/wiki/Middle_three_digits",
    "Miller\u2013Rabin primality test": "https://rosettacode.org/wiki/Miller%E2%80%93Rabin_primality_test",
    "Mind boggling card trick": "https://rosettacode.org/wiki/Mind_boggling_card_trick",
    "Minesweeper game": "https://rosettacode.org/wiki/Minesweeper_game",
    "Minimal steps down to 1": "https://rosettacode.org/wiki/Minimal_steps_down_to_1",
    "Minimum positive multiple in base 10 using only 0 and 1": "https://rosettacode.org/wiki/Minimum_positive_multiple_in_base_10_using_only_0_and_1",
    "Minkowski question-mark function": "https://rosettacode.org/wiki/Minkowski_question-mark_function",
    "Modified random distribution": "https://rosettacode.org/wiki/Modified_random_distribution",
    "Modular arithmetic": "https://rosettacode.org/wiki/Modular_arithmetic",
    "Modular exponentiation": "https://rosettacode.org/wiki/Modular_exponentiation",
    "Modular inverse": "https://rosettacode.org/wiki/Modular_inverse",
    "Monads/List monad": "https://rosettacode.org/wiki/Monads/List_monad",
    "Monads/Maybe monad": "https://rosettacode.org/wiki/Monads/Maybe_monad",
    "Monads/Writer monad": "https://rosettacode.org/wiki/Monads/Writer_monad",
    "Monte Carlo methods": "https://rosettacode.org/wiki/Monte_Carlo_methods",
    "Monty Hall problem": "https://rosettacode.org/wiki/Monty_Hall_problem",
    "Morse code": "https://rosettacode.org/wiki/Morse_code",
    "Motzkin numbers": "https://rosettacode.org/wiki/Motzkin_numbers",
    "Mouse position": "https://rosettacode.org/wiki/Mouse_position",
    "Move-to-front algorithm": "https://rosettacode.org/wiki/Move-to-front_algorithm",
    "Multi-dimensional array": "https://rosettacode.org/wiki/Multi-dimensional_array",
    "Multifactorial": "https://rosettacode.org/wiki/Multifactorial",
    "Multiple distinct objects": "https://rosettacode.org/wiki/Multiple_distinct_objects",
    "Multiple regression": "https://rosettacode.org/wiki/Multiple_regression",
    "Multiplication tables": "https://rosettacode.org/wiki/Multiplication_tables",
    "Multiplicative order": "https://rosettacode.org/wiki/Multiplicative_order",
    "Multisplit": "https://rosettacode.org/wiki/Multisplit",
    "Munchausen numbers": "https://rosettacode.org/wiki/Munchausen_numbers",
    "Munching squares": "https://rosettacode.org/wiki/Munching_squares",
    "Musical scale": "https://rosettacode.org/wiki/Musical_scale",
    "Mutex": "https://rosettacode.org/wiki/Mutex",
    "Mutual recursion": "https://rosettacode.org/wiki/Mutual_recursion",
    "M\u00f6bius function": "https://rosettacode.org/wiki/M%C3%B6bius_function",
    "N'th": "https://rosettacode.org/wiki/N%27th",
    "N-queens problem": "https://rosettacode.org/wiki/N-queens_problem",
    "N-smooth numbers": "https://rosettacode.org/wiki/N-smooth_numbers",
    "Named parameters": "https://rosettacode.org/wiki/Named_parameters",
    "Naming conventions": "https://rosettacode.org/wiki/Naming_conventions",
    "Narcissist": "https://rosettacode.org/wiki/Narcissist",
    "Narcissistic decimal number": "https://rosettacode.org/wiki/Narcissistic_decimal_number",
    "Natural sorting": "https://rosettacode.org/wiki/Natural_sorting",
    "Nautical bell": "https://rosettacode.org/wiki/Nautical_bell",
    "Negative base numbers": "https://rosettacode.org/wiki/Negative_base_numbers",
    "Nested function": "https://rosettacode.org/wiki/Nested_function",
    "Nested templated data": "https://rosettacode.org/wiki/Nested_templated_data",
    "Next highest int from digits": "https://rosettacode.org/wiki/Next_highest_int_from_digits",
    "Nim game": "https://rosettacode.org/wiki/Nim_game",
    "Nimber arithmetic": "https://rosettacode.org/wiki/Nimber_arithmetic",
    "Non-continuous subsequences": "https://rosettacode.org/wiki/Non-continuous_subsequences",
    "Non-decimal radices/Convert": "https://rosettacode.org/wiki/Non-decimal_radices/Convert",
    "Non-decimal radices/Input": "https://rosettacode.org/wiki/Non-decimal_radices/Input",
    "Non-decimal radices/Output": "https://rosettacode.org/wiki/Non-decimal_radices/Output",
    "Non-transitive dice": "https://rosettacode.org/wiki/Non-transitive_dice",
    "Nonoblock": "https://rosettacode.org/wiki/Nonoblock",
    "Nonogram solver": "https://rosettacode.org/wiki/Nonogram_solver",
    "Nth root": "https://rosettacode.org/wiki/Nth_root",
    "Null object": "https://rosettacode.org/wiki/Null_object",
    "Number names": "https://rosettacode.org/wiki/Number_names",
    "Number reversal game": "https://rosettacode.org/wiki/Number_reversal_game",
    "Numbers with equal rises and falls": "https://rosettacode.org/wiki/Numbers_with_equal_rises_and_falls",
    "Numeric error propagation": "https://rosettacode.org/wiki/Numeric_error_propagation",
    "Numerical and alphabetical suffixes": "https://rosettacode.org/wiki/Numerical_and_alphabetical_suffixes",
    "Numerical integration": "https://rosettacode.org/wiki/Numerical_integration",
    "Numerical integration/Gauss-Legendre Quadrature": "https://rosettacode.org/wiki/Numerical_integration/Gauss-Legendre_Quadrature",
    "Object serialization": "https://rosettacode.org/wiki/Object_serialization",
    "Odd word problem": "https://rosettacode.org/wiki/Odd_word_problem",
    "Old lady swallowed a fly": "https://rosettacode.org/wiki/Old_lady_swallowed_a_fly",
    "Old Russian measure of length": "https://rosettacode.org/wiki/Old_Russian_measure_of_length",
    "OLE automation": "https://rosettacode.org/wiki/OLE_automation",
    "One of n lines in a file": "https://rosettacode.org/wiki/One_of_n_lines_in_a_file",
    "One-dimensional cellular automata": "https://rosettacode.org/wiki/One-dimensional_cellular_automata",
    "One-time pad": "https://rosettacode.org/wiki/One-time_pad",
    "OpenGL": "https://rosettacode.org/wiki/OpenGL",
    "OpenWebNet password": "https://rosettacode.org/wiki/OpenWebNet_password",
    "Operator precedence": "https://rosettacode.org/wiki/Operator_precedence",
    "Optional parameters": "https://rosettacode.org/wiki/Optional_parameters",
    "Order by pair comparisons": "https://rosettacode.org/wiki/Order_by_pair_comparisons",
    "Order disjoint list items": "https://rosettacode.org/wiki/Order_disjoint_list_items",
    "Order two numerical lists": "https://rosettacode.org/wiki/Order_two_numerical_lists",
    "Ordered partitions": "https://rosettacode.org/wiki/Ordered_partitions",
    "Ordered words": "https://rosettacode.org/wiki/Ordered_words",
    "P-Adic numbers, basic": "https://rosettacode.org/wiki/P-Adic_numbers,_basic",
    "P-Adic square roots": "https://rosettacode.org/wiki/P-Adic_square_roots",
    "P-value correction": "https://rosettacode.org/wiki/P-value_correction",
    "Padovan n-step number sequences": "https://rosettacode.org/wiki/Padovan_n-step_number_sequences",
    "Padovan sequence": "https://rosettacode.org/wiki/Padovan_sequence",
    "Palindrome dates": "https://rosettacode.org/wiki/Palindrome_dates",
    "Palindrome detection": "https://rosettacode.org/wiki/Palindrome_detection",
    "Palindromic gapful numbers": "https://rosettacode.org/wiki/Palindromic_gapful_numbers",
    "Pancake numbers": "https://rosettacode.org/wiki/Pancake_numbers",
    "Pangram checker": "https://rosettacode.org/wiki/Pangram_checker",
    "Paraffins": "https://rosettacode.org/wiki/Paraffins",
    "Parallel brute force": "https://rosettacode.org/wiki/Parallel_brute_force",
    "Parallel calculations": "https://rosettacode.org/wiki/Parallel_calculations",
    "Parametric polymorphism": "https://rosettacode.org/wiki/Parametric_polymorphism",
    "Parametrized SQL statement": "https://rosettacode.org/wiki/Parametrized_SQL_statement",
    "Parse an IP Address": "https://rosettacode.org/wiki/Parse_an_IP_Address",
    "Parsing/RPN calculator algorithm": "https://rosettacode.org/wiki/Parsing/RPN_calculator_algorithm",
    "Parsing/RPN to infix conversion": "https://rosettacode.org/wiki/Parsing/RPN_to_infix_conversion",
    "Parsing/Shunting-yard algorithm": "https://rosettacode.org/wiki/Parsing/Shunting-yard_algorithm",
    "Partial function application": "https://rosettacode.org/wiki/Partial_function_application",
    "Partition an integer x into n primes": "https://rosettacode.org/wiki/Partition_an_integer_x_into_n_primes",
    "Partition function P": "https://rosettacode.org/wiki/Partition_function_P",
    "Pascal matrix generation": "https://rosettacode.org/wiki/Pascal_matrix_generation",
    "Pascal's triangle": "https://rosettacode.org/wiki/Pascal%27s_triangle",
    "Pascal's triangle/Puzzle": "https://rosettacode.org/wiki/Pascal%27s_triangle/Puzzle",
    "Password generator": "https://rosettacode.org/wiki/Password_generator",
    "Pathological floating point problems": "https://rosettacode.org/wiki/Pathological_floating_point_problems",
    "Pattern matching": "https://rosettacode.org/wiki/Pattern_matching",
    "Peaceful chess queen armies": "https://rosettacode.org/wiki/Peaceful_chess_queen_armies",
    "Peano curve": "https://rosettacode.org/wiki/Peano_curve",
    "Pell's equation": "https://rosettacode.org/wiki/Pell%27s_equation",
    "Penney's game": "https://rosettacode.org/wiki/Penney%27s_game",
    "Pentagram": "https://rosettacode.org/wiki/Pentagram",
    "Percentage difference between images": "https://rosettacode.org/wiki/Percentage_difference_between_images",
    "Percolation/Bond percolation": "https://rosettacode.org/wiki/Percolation/Bond_percolation",
    "Percolation/Mean cluster density": "https://rosettacode.org/wiki/Percolation/Mean_cluster_density",
    "Percolation/Mean run density": "https://rosettacode.org/wiki/Percolation/Mean_run_density",
    "Percolation/Site percolation": "https://rosettacode.org/wiki/Percolation/Site_percolation",
    "Perfect numbers": "https://rosettacode.org/wiki/Perfect_numbers",
    "Perfect shuffle": "https://rosettacode.org/wiki/Perfect_shuffle",
    "Perfect totient numbers": "https://rosettacode.org/wiki/Perfect_totient_numbers",
    "Perlin noise": "https://rosettacode.org/wiki/Perlin_noise",
    "Permutation test": "https://rosettacode.org/wiki/Permutation_test",
    "Permutations": "https://rosettacode.org/wiki/Permutations",
    "Permutations by swapping": "https://rosettacode.org/wiki/Permutations_by_swapping",
    "Permutations/Derangements": "https://rosettacode.org/wiki/Permutations/Derangements",
    "Permutations/Rank of a permutation": "https://rosettacode.org/wiki/Permutations/Rank_of_a_permutation",
    "Pernicious numbers": "https://rosettacode.org/wiki/Pernicious_numbers",
    "Phrase reversals": "https://rosettacode.org/wiki/Phrase_reversals",
    "Pi": "https://rosettacode.org/wiki/Pi",
    "Pick random element": "https://rosettacode.org/wiki/Pick_random_element",
    "Pierpont primes": "https://rosettacode.org/wiki/Pierpont_primes",
    "Pig the dice game": "https://rosettacode.org/wiki/Pig_the_dice_game",
    "Pig the dice game/Player": "https://rosettacode.org/wiki/Pig_the_dice_game/Player",
    "Pinstripe/Display": "https://rosettacode.org/wiki/Pinstripe/Display",
    "Pinstripe/Printer": "https://rosettacode.org/wiki/Pinstripe/Printer",
    "Pisano period": "https://rosettacode.org/wiki/Pisano_period",
    "Plasma effect": "https://rosettacode.org/wiki/Plasma_effect",
    "Play recorded sounds": "https://rosettacode.org/wiki/Play_recorded_sounds",
    "Playfair cipher": "https://rosettacode.org/wiki/Playfair_cipher",
    "Playing cards": "https://rosettacode.org/wiki/Playing_cards",
    "Plot coordinate pairs": "https://rosettacode.org/wiki/Plot_coordinate_pairs",
    "Pointers and references": "https://rosettacode.org/wiki/Pointers_and_references",
    "Poker hand analyser": "https://rosettacode.org/wiki/Poker_hand_analyser",
    "Polymorphic copy": "https://rosettacode.org/wiki/Polymorphic_copy",
    "Polymorphism": "https://rosettacode.org/wiki/Polymorphism",
    "Polynomial long division": "https://rosettacode.org/wiki/Polynomial_long_division",
    "Polynomial regression": "https://rosettacode.org/wiki/Polynomial_regression",
    "Polyspiral": "https://rosettacode.org/wiki/Polyspiral",
    "Population count": "https://rosettacode.org/wiki/Population_count",
    "Power set": "https://rosettacode.org/wiki/Power_set",
    "Pragmatic directives": "https://rosettacode.org/wiki/Pragmatic_directives",
    "Price fraction": "https://rosettacode.org/wiki/Price_fraction",
    "Primality by trial division": "https://rosettacode.org/wiki/Primality_by_trial_division",
    "Primality by Wilson's theorem": "https://rosettacode.org/wiki/Primality_by_Wilson%27s_theorem",
    "Prime conspiracy": "https://rosettacode.org/wiki/Prime_conspiracy",
    "Prime decomposition": "https://rosettacode.org/wiki/Prime_decomposition",
    "Primes - allocate descendants to their ancestors": "https://rosettacode.org/wiki/Primes_-_allocate_descendants_to_their_ancestors",
    "Primorial numbers": "https://rosettacode.org/wiki/Primorial_numbers",
    "Priority queue": "https://rosettacode.org/wiki/Priority_queue",
    "Probabilistic choice": "https://rosettacode.org/wiki/Probabilistic_choice",
    "Problem of Apollonius": "https://rosettacode.org/wiki/Problem_of_Apollonius",
    "Program name": "https://rosettacode.org/wiki/Program_name",
    "Program termination": "https://rosettacode.org/wiki/Program_termination",
    "Proper divisors": "https://rosettacode.org/wiki/Proper_divisors",
    "Pseudo-random numbers/Combined recursive generator MRG32k3a": "https://rosettacode.org/wiki/Pseudo-random_numbers/Combined_recursive_generator_MRG32k3a",
    "Pseudo-random numbers/PCG32": "https://rosettacode.org/wiki/Pseudo-random_numbers/PCG32",
    "Pseudo-random numbers/Splitmix64": "https://rosettacode.org/wiki/Pseudo-random_numbers/Splitmix64",
    "Pseudo-random numbers/Xorshift star": "https://rosettacode.org/wiki/Pseudo-random_numbers/Xorshift_star",
    "Pythagoras tree": "https://rosettacode.org/wiki/Pythagoras_tree",
    "Pythagorean quadruples": "https://rosettacode.org/wiki/Pythagorean_quadruples",
    "Pythagorean triples": "https://rosettacode.org/wiki/Pythagorean_triples",
    "QR decomposition": "https://rosettacode.org/wiki/QR_decomposition",
    "Quaternion type": "https://rosettacode.org/wiki/Quaternion_type",
    "Queue/Definition": "https://rosettacode.org/wiki/Queue/Definition",
    "Queue/Usage": "https://rosettacode.org/wiki/Queue/Usage",
    "Quickselect algorithm": "https://rosettacode.org/wiki/Quickselect_algorithm",
    "Quine": "https://rosettacode.org/wiki/Quine",
    "Ramanujan primes/twins": "https://rosettacode.org/wiki/Ramanujan_primes/twins",
    "Ramanujan's constant": "https://rosettacode.org/wiki/Ramanujan%27s_constant",
    "Ramer-Douglas-Peucker line simplification": "https://rosettacode.org/wiki/Ramer-Douglas-Peucker_line_simplification",
    "Random Latin squares": "https://rosettacode.org/wiki/Random_Latin_squares",
    "Random number generator (device)": "https://rosettacode.org/wiki/Random_number_generator_(device)",
    "Random number generator (included)": "https://rosettacode.org/wiki/Random_number_generator_(included)",
    "Random numbers": "https://rosettacode.org/wiki/Random_numbers",
    "Random sentence from book": "https://rosettacode.org/wiki/Random_sentence_from_book",
    "Range consolidation": "https://rosettacode.org/wiki/Range_consolidation",
    "Range expansion": "https://rosettacode.org/wiki/Range_expansion",
    "Range extraction": "https://rosettacode.org/wiki/Range_extraction",
    "Ranking methods": "https://rosettacode.org/wiki/Ranking_methods",
    "Rare numbers": "https://rosettacode.org/wiki/Rare_numbers",
    "Rate counter": "https://rosettacode.org/wiki/Rate_counter",
    "Ray-casting algorithm": "https://rosettacode.org/wiki/Ray-casting_algorithm",
    "RCRPG": "https://rosettacode.org/wiki/RCRPG",
    "Read a configuration file": "https://rosettacode.org/wiki/Read_a_configuration_file",
    "Read a file character by character/UTF8": "https://rosettacode.org/wiki/Read_a_file_character_by_character/UTF8",
    "Read a file line by line": "https://rosettacode.org/wiki/Read_a_file_line_by_line",
    "Read a specific line from a file": "https://rosettacode.org/wiki/Read_a_specific_line_from_a_file",
    "Read entire file": "https://rosettacode.org/wiki/Read_entire_file",
    "Real constants and functions": "https://rosettacode.org/wiki/Real_constants_and_functions",
    "Recaman's sequence": "https://rosettacode.org/wiki/Recaman%27s_sequence",
    "Record sound": "https://rosettacode.org/wiki/Record_sound",
    "Reduced row echelon form": "https://rosettacode.org/wiki/Reduced_row_echelon_form",
    "Reflection/Get source": "https://rosettacode.org/wiki/Reflection/Get_source",
    "Reflection/List methods": "https://rosettacode.org/wiki/Reflection/List_methods",
    "Reflection/List properties": "https://rosettacode.org/wiki/Reflection/List_properties",
    "Regular expressions": "https://rosettacode.org/wiki/Regular_expressions",
    "Remove duplicate elements": "https://rosettacode.org/wiki/Remove_duplicate_elements",
    "Remove lines from a file": "https://rosettacode.org/wiki/Remove_lines_from_a_file",
    "Rename a file": "https://rosettacode.org/wiki/Rename_a_file",
    "Rendezvous": "https://rosettacode.org/wiki/Rendezvous",
    "Rep-string": "https://rosettacode.org/wiki/Rep-string",
    "Repeat": "https://rosettacode.org/wiki/Repeat",
    "Repeat a string": "https://rosettacode.org/wiki/Repeat_a_string",
    "Resistor mesh": "https://rosettacode.org/wiki/Resistor_mesh",
    "Respond to an unknown method call": "https://rosettacode.org/wiki/Respond_to_an_unknown_method_call",
    "Retrieve and search chat history": "https://rosettacode.org/wiki/Retrieve_and_search_chat_history",
    "Return multiple values": "https://rosettacode.org/wiki/Return_multiple_values",
    "Reverse a string": "https://rosettacode.org/wiki/Reverse_a_string",
    "Reverse words in a string": "https://rosettacode.org/wiki/Reverse_words_in_a_string",
    "RIPEMD-160": "https://rosettacode.org/wiki/RIPEMD-160",
    "Rock-paper-scissors": "https://rosettacode.org/wiki/Rock-paper-scissors",
    "Roman numerals/Decode": "https://rosettacode.org/wiki/Roman_numerals/Decode",
    "Roman numerals/Encode": "https://rosettacode.org/wiki/Roman_numerals/Encode",
    "Roots of a function": "https://rosettacode.org/wiki/Roots_of_a_function",
    "Roots of a quadratic function": "https://rosettacode.org/wiki/Roots_of_a_quadratic_function",
    "Roots of unity": "https://rosettacode.org/wiki/Roots_of_unity",
    "Rosetta Code/Count examples": "https://rosettacode.org/wiki/Rosetta_Code/Count_examples",
    "Rosetta Code/Find bare lang tags": "https://rosettacode.org/wiki/Rosetta_Code/Find_bare_lang_tags",
    "Rosetta Code/Find unimplemented tasks": "https://rosettacode.org/wiki/Rosetta_Code/Find_unimplemented_tasks",
    "Rosetta Code/Fix code tags": "https://rosettacode.org/wiki/Rosetta_Code/Fix_code_tags",
    "Rosetta Code/Rank languages by number of users": "https://rosettacode.org/wiki/Rosetta_Code/Rank_languages_by_number_of_users",
    "Rosetta Code/Rank languages by popularity": "https://rosettacode.org/wiki/Rosetta_Code/Rank_languages_by_popularity",
    "Rot-13": "https://rosettacode.org/wiki/Rot-13",
    "RPG attributes generator": "https://rosettacode.org/wiki/RPG_attributes_generator",
    "RSA code": "https://rosettacode.org/wiki/RSA_code",
    "Run-length encoding": "https://rosettacode.org/wiki/Run-length_encoding",
    "Runge-Kutta method": "https://rosettacode.org/wiki/Runge-Kutta_method",
    "Runtime evaluation": "https://rosettacode.org/wiki/Runtime_evaluation",
    "Runtime evaluation/In an environment": "https://rosettacode.org/wiki/Runtime_evaluation/In_an_environment",
    "S-expressions": "https://rosettacode.org/wiki/S-expressions",
    "Safe addition": "https://rosettacode.org/wiki/Safe_addition",
    "Safe primes and unsafe primes": "https://rosettacode.org/wiki/Safe_primes_and_unsafe_primes",
    "Sailors, coconuts and a monkey problem": "https://rosettacode.org/wiki/Sailors,_coconuts_and_a_monkey_problem",
    "Same fringe": "https://rosettacode.org/wiki/Same_fringe",
    "Scope modifiers": "https://rosettacode.org/wiki/Scope_modifiers",
    "Scope/Function names and labels": "https://rosettacode.org/wiki/Scope/Function_names_and_labels",
    "Search a list": "https://rosettacode.org/wiki/Search_a_list",
    "Search a list of records": "https://rosettacode.org/wiki/Search_a_list_of_records",
    "Secure temporary file": "https://rosettacode.org/wiki/Secure_temporary_file",
    "SEDOLs": "https://rosettacode.org/wiki/SEDOLs",
    "Self numbers": "https://rosettacode.org/wiki/Self_numbers",
    "Self-describing numbers": "https://rosettacode.org/wiki/Self-describing_numbers",
    "Semiprime": "https://rosettacode.org/wiki/Semiprime",
    "Semordnilap": "https://rosettacode.org/wiki/Semordnilap",
    "Send an unknown method call": "https://rosettacode.org/wiki/Send_an_unknown_method_call",
    "Send email": "https://rosettacode.org/wiki/Send_email",
    "Sequence of non-squares": "https://rosettacode.org/wiki/Sequence_of_non-squares",
    "Sequence of primes by trial division": "https://rosettacode.org/wiki/Sequence_of_primes_by_trial_division",
    "Sequence of primorial primes": "https://rosettacode.org/wiki/Sequence_of_primorial_primes",
    "Sequence: nth number with exactly n divisors": "https://rosettacode.org/wiki/Sequence:_nth_number_with_exactly_n_divisors",
    "Sequence: smallest number greater than previous term with exactly n divisors": "https://rosettacode.org/wiki/Sequence:_smallest_number_greater_than_previous_term_with_exactly_n_divisors",
    "Sequence: smallest number with exactly n divisors": "https://rosettacode.org/wiki/Sequence:_smallest_number_with_exactly_n_divisors",
    "Set": "https://rosettacode.org/wiki/Set",
    "Set consolidation": "https://rosettacode.org/wiki/Set_consolidation",
    "Set of real numbers": "https://rosettacode.org/wiki/Set_of_real_numbers",
    "Set puzzle": "https://rosettacode.org/wiki/Set_puzzle",
    "Seven-sided dice from five-sided dice": "https://rosettacode.org/wiki/Seven-sided_dice_from_five-sided_dice",
    "Sexy primes": "https://rosettacode.org/wiki/Sexy_primes",
    "SHA-1": "https://rosettacode.org/wiki/SHA-1",
    "SHA-256": "https://rosettacode.org/wiki/SHA-256",
    "SHA-256 Merkle tree": "https://rosettacode.org/wiki/SHA-256_Merkle_tree",
    "Shell one-liner": "https://rosettacode.org/wiki/Shell_one-liner",
    "Shoelace formula for polygonal area": "https://rosettacode.org/wiki/Shoelace_formula_for_polygonal_area",
    "Short-circuit evaluation": "https://rosettacode.org/wiki/Short-circuit_evaluation",
    "Shortest common supersequence": "https://rosettacode.org/wiki/Shortest_common_supersequence",
    "Show ASCII table": "https://rosettacode.org/wiki/Show_ASCII_table",
    "Show the epoch": "https://rosettacode.org/wiki/Show_the_epoch",
    "Sierpinski arrowhead curve": "https://rosettacode.org/wiki/Sierpinski_arrowhead_curve",
    "Sierpinski carpet": "https://rosettacode.org/wiki/Sierpinski_carpet",
    "Sierpinski pentagon": "https://rosettacode.org/wiki/Sierpinski_pentagon",
    "Sierpinski square curve": "https://rosettacode.org/wiki/Sierpinski_square_curve",
    "Sierpinski triangle": "https://rosettacode.org/wiki/Sierpinski_triangle",
    "Sierpinski triangle/Graphical": "https://rosettacode.org/wiki/Sierpinski_triangle/Graphical",
    "Sieve of Eratosthenes": "https://rosettacode.org/wiki/Sieve_of_Eratosthenes",
    "Simple database": "https://rosettacode.org/wiki/Simple_database",
    "Simple windowed application": "https://rosettacode.org/wiki/Simple_windowed_application",
    "Simulate input/Keyboard": "https://rosettacode.org/wiki/Simulate_input/Keyboard",
    "Simulate input/Mouse": "https://rosettacode.org/wiki/Simulate_input/Mouse",
    "Singleton": "https://rosettacode.org/wiki/Singleton",
    "Singly-linked list/Element definition": "https://rosettacode.org/wiki/Singly-linked_list/Element_definition",
    "Singly-linked list/Element insertion": "https://rosettacode.org/wiki/Singly-linked_list/Element_insertion",
    "Singly-linked list/Traversal": "https://rosettacode.org/wiki/Singly-linked_list/Traversal",
    "Sleep": "https://rosettacode.org/wiki/Sleep",
    "Sleeping Beauty problem": "https://rosettacode.org/wiki/Sleeping_Beauty_problem",
    "Smarandache prime-digital sequence": "https://rosettacode.org/wiki/Smarandache_prime-digital_sequence",
    "Smith numbers": "https://rosettacode.org/wiki/Smith_numbers",
    "SOAP": "https://rosettacode.org/wiki/SOAP",
    "Sockets": "https://rosettacode.org/wiki/Sockets",
    "Sokoban": "https://rosettacode.org/wiki/Sokoban",
    "Solve a Hidato puzzle": "https://rosettacode.org/wiki/Solve_a_Hidato_puzzle",
    "Solve a Holy Knight's tour": "https://rosettacode.org/wiki/Solve_a_Holy_Knight%27s_tour",
    "Solve a Hopido puzzle": "https://rosettacode.org/wiki/Solve_a_Hopido_puzzle",
    "Solve a Numbrix puzzle": "https://rosettacode.org/wiki/Solve_a_Numbrix_puzzle",
    "Solve the no connection puzzle": "https://rosettacode.org/wiki/Solve_the_no_connection_puzzle",
    "Sort a list of object identifiers": "https://rosettacode.org/wiki/Sort_a_list_of_object_identifiers",
    "Sort an array of composite structures": "https://rosettacode.org/wiki/Sort_an_array_of_composite_structures",
    "Sort an integer array": "https://rosettacode.org/wiki/Sort_an_integer_array",
    "Sort an outline at every level": "https://rosettacode.org/wiki/Sort_an_outline_at_every_level",
    "Sort disjoint sublist": "https://rosettacode.org/wiki/Sort_disjoint_sublist",
    "Sort numbers lexicographically": "https://rosettacode.org/wiki/Sort_numbers_lexicographically",
    "Sort stability": "https://rosettacode.org/wiki/Sort_stability",
    "Sort three variables": "https://rosettacode.org/wiki/Sort_three_variables",
    "Sort using a custom comparator": "https://rosettacode.org/wiki/Sort_using_a_custom_comparator",
    "Sorting algorithms/Bead sort": "https://rosettacode.org/wiki/Sorting_algorithms/Bead_sort",
    "Sorting algorithms/Bogosort": "https://rosettacode.org/wiki/Sorting_algorithms/Bogosort",
    "Sorting algorithms/Bubble sort": "https://rosettacode.org/wiki/Sorting_algorithms/Bubble_sort",
    "Sorting Algorithms/Circle Sort": "https://rosettacode.org/wiki/Sorting_Algorithms/Circle_Sort",
    "Sorting algorithms/Cocktail sort": "https://rosettacode.org/wiki/Sorting_algorithms/Cocktail_sort",
    "Sorting algorithms/Cocktail sort with shifting bounds": "https://rosettacode.org/wiki/Sorting_algorithms/Cocktail_sort_with_shifting_bounds",
    "Sorting algorithms/Comb sort": "https://rosettacode.org/wiki/Sorting_algorithms/Comb_sort",
    "Sorting algorithms/Counting sort": "https://rosettacode.org/wiki/Sorting_algorithms/Counting_sort",
    "Sorting algorithms/Gnome sort": "https://rosettacode.org/wiki/Sorting_algorithms/Gnome_sort",
    "Sorting algorithms/Heapsort": "https://rosettacode.org/wiki/Sorting_algorithms/Heapsort",
    "Sorting algorithms/Insertion sort": "https://rosettacode.org/wiki/Sorting_algorithms/Insertion_sort",
    "Sorting algorithms/Merge sort": "https://rosettacode.org/wiki/Sorting_algorithms/Merge_sort",
    "Sorting algorithms/Pancake sort": "https://rosettacode.org/wiki/Sorting_algorithms/Pancake_sort",
    "Sorting algorithms/Patience sort": "https://rosettacode.org/wiki/Sorting_algorithms/Patience_sort",
    "Sorting algorithms/Permutation sort": "https://rosettacode.org/wiki/Sorting_algorithms/Permutation_sort",
    "Sorting algorithms/Quicksort": "https://rosettacode.org/wiki/Sorting_algorithms/Quicksort",
    "Sorting algorithms/Radix sort": "https://rosettacode.org/wiki/Sorting_algorithms/Radix_sort",
    "Sorting algorithms/Selection sort": "https://rosettacode.org/wiki/Sorting_algorithms/Selection_sort",
    "Sorting algorithms/Shell sort": "https://rosettacode.org/wiki/Sorting_algorithms/Shell_sort",
    "Sorting algorithms/Sleep sort": "https://rosettacode.org/wiki/Sorting_algorithms/Sleep_sort",
    "Sorting algorithms/Stooge sort": "https://rosettacode.org/wiki/Sorting_algorithms/Stooge_sort",
    "Sorting algorithms/Strand sort": "https://rosettacode.org/wiki/Sorting_algorithms/Strand_sort",
    "Soundex": "https://rosettacode.org/wiki/Soundex",
    "Sparkline in unicode": "https://rosettacode.org/wiki/Sparkline_in_unicode",
    "Special characters": "https://rosettacode.org/wiki/Special_characters",
    "Special variables": "https://rosettacode.org/wiki/Special_variables",
    "Speech synthesis": "https://rosettacode.org/wiki/Speech_synthesis",
    "Spelling of ordinal numbers": "https://rosettacode.org/wiki/Spelling_of_ordinal_numbers",
    "Spinning rod animation/Text": "https://rosettacode.org/wiki/Spinning_rod_animation/Text",
    "Spiral matrix": "https://rosettacode.org/wiki/Spiral_matrix",
    "Split a character string based on change of character": "https://rosettacode.org/wiki/Split_a_character_string_based_on_change_of_character",
    "SQL-based authentication": "https://rosettacode.org/wiki/SQL-based_authentication",
    "Square but not cube": "https://rosettacode.org/wiki/Square_but_not_cube",
    "Square form factorization": "https://rosettacode.org/wiki/Square_form_factorization",
    "Square-free integers": "https://rosettacode.org/wiki/Square-free_integers",
    "Stable marriage problem": "https://rosettacode.org/wiki/Stable_marriage_problem",
    "Stack": "https://rosettacode.org/wiki/Stack",
    "Stack traces": "https://rosettacode.org/wiki/Stack_traces",
    "Stair-climbing puzzle": "https://rosettacode.org/wiki/Stair-climbing_puzzle",
    "Start from a main routine": "https://rosettacode.org/wiki/Start_from_a_main_routine",
    "State name puzzle": "https://rosettacode.org/wiki/State_name_puzzle",
    "Statistics/Basic": "https://rosettacode.org/wiki/Statistics/Basic",
    "Statistics/Normal distribution": "https://rosettacode.org/wiki/Statistics/Normal_distribution",
    "Stem-and-leaf plot": "https://rosettacode.org/wiki/Stem-and-leaf_plot",
    "Stern-Brocot sequence": "https://rosettacode.org/wiki/Stern-Brocot_sequence",
    "Stirling numbers of the first kind": "https://rosettacode.org/wiki/Stirling_numbers_of_the_first_kind",
    "Stirling numbers of the second kind": "https://rosettacode.org/wiki/Stirling_numbers_of_the_second_kind",
    "Straddling checkerboard": "https://rosettacode.org/wiki/Straddling_checkerboard",
    "Strassen's algorithm": "https://rosettacode.org/wiki/Strassen%27s_algorithm",
    "Stream merge": "https://rosettacode.org/wiki/Stream_merge",
    "String append": "https://rosettacode.org/wiki/String_append",
    "String case": "https://rosettacode.org/wiki/String_case",
    "String comparison": "https://rosettacode.org/wiki/String_comparison",
    "String concatenation": "https://rosettacode.org/wiki/String_concatenation",
    "String interpolation (included)": "https://rosettacode.org/wiki/String_interpolation_(included)",
    "String length": "https://rosettacode.org/wiki/String_length",
    "String matching": "https://rosettacode.org/wiki/String_matching",
    "String prepend": "https://rosettacode.org/wiki/String_prepend",
    "Strip a set of characters from a string": "https://rosettacode.org/wiki/Strip_a_set_of_characters_from_a_string",
    "Strip block comments": "https://rosettacode.org/wiki/Strip_block_comments",
    "Strip comments from a string": "https://rosettacode.org/wiki/Strip_comments_from_a_string",
    "Strip control codes and extended characters from a string": "https://rosettacode.org/wiki/Strip_control_codes_and_extended_characters_from_a_string",
    "Strip whitespace from a string/Top and tail": "https://rosettacode.org/wiki/Strip_whitespace_from_a_string/Top_and_tail",
    "Strong and weak primes": "https://rosettacode.org/wiki/Strong_and_weak_primes",
    "Subleq": "https://rosettacode.org/wiki/Subleq",
    "Substitution cipher": "https://rosettacode.org/wiki/Substitution_cipher",
    "Substring": "https://rosettacode.org/wiki/Substring",
    "Substring/Top and tail": "https://rosettacode.org/wiki/Substring/Top_and_tail",
    "Subtractive generator": "https://rosettacode.org/wiki/Subtractive_generator",
    "Successive prime differences": "https://rosettacode.org/wiki/Successive_prime_differences",
    "Sudoku": "https://rosettacode.org/wiki/Sudoku",
    "Suffixation of decimal numbers": "https://rosettacode.org/wiki/Suffixation_of_decimal_numbers",
    "Sum and product of an array": "https://rosettacode.org/wiki/Sum_and_product_of_an_array",
    "Sum and product puzzle": "https://rosettacode.org/wiki/Sum_and_product_puzzle",
    "Sum digits of an integer": "https://rosettacode.org/wiki/Sum_digits_of_an_integer",
    "Sum multiples of 3 and 5": "https://rosettacode.org/wiki/Sum_multiples_of_3_and_5",
    "Sum of a series": "https://rosettacode.org/wiki/Sum_of_a_series",
    "Sum of squares": "https://rosettacode.org/wiki/Sum_of_squares",
    "Sum to 100": "https://rosettacode.org/wiki/Sum_to_100",
    "Summarize and say sequence": "https://rosettacode.org/wiki/Summarize_and_say_sequence",
    "Summarize primes": "https://rosettacode.org/wiki/Summarize_primes",
    "Sunflower fractal": "https://rosettacode.org/wiki/Sunflower_fractal",
    "Super-d numbers": "https://rosettacode.org/wiki/Super-d_numbers",
    "Superellipse": "https://rosettacode.org/wiki/Superellipse",
    "Superpermutation minimisation": "https://rosettacode.org/wiki/Superpermutation_minimisation",
    "Sutherland-Hodgman polygon clipping": "https://rosettacode.org/wiki/Sutherland-Hodgman_polygon_clipping",
    "Sylvester's sequence": "https://rosettacode.org/wiki/Sylvester%27s_sequence",
    "Symmetric difference": "https://rosettacode.org/wiki/Symmetric_difference",
    "Synchronous concurrency": "https://rosettacode.org/wiki/Synchronous_concurrency",
    "System time": "https://rosettacode.org/wiki/System_time",
    "Table creation/Postal addresses": "https://rosettacode.org/wiki/Table_creation/Postal_addresses",
    "Take notes on the command line": "https://rosettacode.org/wiki/Take_notes_on_the_command_line",
    "Tarjan": "https://rosettacode.org/wiki/Tarjan",
    "Tau function": "https://rosettacode.org/wiki/Tau_function",
    "Tau number": "https://rosettacode.org/wiki/Tau_number",
    "Taxicab numbers": "https://rosettacode.org/wiki/Taxicab_numbers",
    "Teacup rim text": "https://rosettacode.org/wiki/Teacup_rim_text",
    "Temperature conversion": "https://rosettacode.org/wiki/Temperature_conversion",
    "Terminal control/Clear the screen": "https://rosettacode.org/wiki/Terminal_control/Clear_the_screen",
    "Terminal control/Coloured text": "https://rosettacode.org/wiki/Terminal_control/Coloured_text",
    "Terminal control/Cursor movement": "https://rosettacode.org/wiki/Terminal_control/Cursor_movement",
    "Terminal control/Cursor positioning": "https://rosettacode.org/wiki/Terminal_control/Cursor_positioning",
    "Terminal control/Dimensions": "https://rosettacode.org/wiki/Terminal_control/Dimensions",
    "Terminal control/Display an extended character": "https://rosettacode.org/wiki/Terminal_control/Display_an_extended_character",
    "Terminal control/Hiding the cursor": "https://rosettacode.org/wiki/Terminal_control/Hiding_the_cursor",
    "Terminal control/Inverse video": "https://rosettacode.org/wiki/Terminal_control/Inverse_video",
    "Terminal control/Positional read": "https://rosettacode.org/wiki/Terminal_control/Positional_read",
    "Terminal control/Preserve screen": "https://rosettacode.org/wiki/Terminal_control/Preserve_screen",
    "Terminal control/Ringing the terminal bell": "https://rosettacode.org/wiki/Terminal_control/Ringing_the_terminal_bell",
    "Terminal control/Unicode output": "https://rosettacode.org/wiki/Terminal_control/Unicode_output",
    "Ternary logic": "https://rosettacode.org/wiki/Ternary_logic",
    "Test a function": "https://rosettacode.org/wiki/Test_a_function",
    "Test integerness": "https://rosettacode.org/wiki/Test_integerness",
    "Text processing/1": "https://rosettacode.org/wiki/Text_processing/1",
    "Text processing/2": "https://rosettacode.org/wiki/Text_processing/2",
    "Text processing/Max licenses in use": "https://rosettacode.org/wiki/Text_processing/Max_licenses_in_use",
    "Textonyms": "https://rosettacode.org/wiki/Textonyms",
    "The ISAAC Cipher": "https://rosettacode.org/wiki/The_ISAAC_Cipher",
    "The Name Game": "https://rosettacode.org/wiki/The_Name_Game",
    "The sieve of Sundaram": "https://rosettacode.org/wiki/The_sieve_of_Sundaram",
    "The Twelve Days of Christmas": "https://rosettacode.org/wiki/The_Twelve_Days_of_Christmas",
    "Thiele's interpolation formula": "https://rosettacode.org/wiki/Thiele%27s_interpolation_formula",
    "Thue-Morse": "https://rosettacode.org/wiki/Thue-Morse",
    "Tic-tac-toe": "https://rosettacode.org/wiki/Tic-tac-toe",
    "Time a function": "https://rosettacode.org/wiki/Time_a_function",
    "Tokenize a string": "https://rosettacode.org/wiki/Tokenize_a_string",
    "Tokenize a string with escaping": "https://rosettacode.org/wiki/Tokenize_a_string_with_escaping",
    "Tonelli-Shanks algorithm": "https://rosettacode.org/wiki/Tonelli-Shanks_algorithm",
    "Top rank per group": "https://rosettacode.org/wiki/Top_rank_per_group",
    "Topic variable": "https://rosettacode.org/wiki/Topic_variable",
    "Topological sort": "https://rosettacode.org/wiki/Topological_sort",
    "Topswops": "https://rosettacode.org/wiki/Topswops",
    "Total circles area": "https://rosettacode.org/wiki/Total_circles_area",
    "Totient function": "https://rosettacode.org/wiki/Totient_function",
    "Towers of Hanoi": "https://rosettacode.org/wiki/Towers_of_Hanoi",
    "Trabb Pardo\u2013Knuth algorithm": "https://rosettacode.org/wiki/Trabb_Pardo%E2%80%93Knuth_algorithm",
    "Tree datastructures": "https://rosettacode.org/wiki/Tree_datastructures",
    "Tree from nesting levels": "https://rosettacode.org/wiki/Tree_from_nesting_levels",
    "Tree traversal": "https://rosettacode.org/wiki/Tree_traversal",
    "Trigonometric functions": "https://rosettacode.org/wiki/Trigonometric_functions",
    "Truncatable primes": "https://rosettacode.org/wiki/Truncatable_primes",
    "Truncate a file": "https://rosettacode.org/wiki/Truncate_a_file",
    "Truth table": "https://rosettacode.org/wiki/Truth_table",
    "Twelve statements": "https://rosettacode.org/wiki/Twelve_statements",
    "Twin primes": "https://rosettacode.org/wiki/Twin_primes",
    "Two bullet roulette": "https://rosettacode.org/wiki/Two_bullet_roulette",
    "Ukkonen\u2019s suffix tree construction": "https://rosettacode.org/wiki/Ukkonen%E2%80%99s_suffix_tree_construction",
    "Ulam spiral (for primes)": "https://rosettacode.org/wiki/Ulam_spiral_(for_primes)",
    "Unbias a random generator": "https://rosettacode.org/wiki/Unbias_a_random_generator",
    "Undefined values": "https://rosettacode.org/wiki/Undefined_values",
    "Unicode strings": "https://rosettacode.org/wiki/Unicode_strings",
    "Unicode variable names": "https://rosettacode.org/wiki/Unicode_variable_names",
    "Universal Turing machine": "https://rosettacode.org/wiki/Universal_Turing_machine",
    "Unix/ls": "https://rosettacode.org/wiki/Unix/ls",
    "Unprimeable numbers": "https://rosettacode.org/wiki/Unprimeable_numbers",
    "Untouchable numbers": "https://rosettacode.org/wiki/Untouchable_numbers",
    "UPC": "https://rosettacode.org/wiki/UPC",
    "Update a configuration file": "https://rosettacode.org/wiki/Update_a_configuration_file",
    "URL decoding": "https://rosettacode.org/wiki/URL_decoding",
    "URL encoding": "https://rosettacode.org/wiki/URL_encoding",
    "URL parser": "https://rosettacode.org/wiki/URL_parser",
    "Use another language to call a function": "https://rosettacode.org/wiki/Use_another_language_to_call_a_function",
    "User input/Graphical": "https://rosettacode.org/wiki/User_input/Graphical",
    "User input/Text": "https://rosettacode.org/wiki/User_input/Text",
    "UTF-8 encode and decode": "https://rosettacode.org/wiki/UTF-8_encode_and_decode",
    "Validate International Securities Identification Number": "https://rosettacode.org/wiki/Validate_International_Securities_Identification_Number",
    "Vampire number": "https://rosettacode.org/wiki/Vampire_number",
    "Van der Corput sequence": "https://rosettacode.org/wiki/Van_der_Corput_sequence",
    "Van Eck sequence": "https://rosettacode.org/wiki/Van_Eck_sequence",
    "Variable size/Get": "https://rosettacode.org/wiki/Variable_size/Get",
    "Variable size/Set": "https://rosettacode.org/wiki/Variable_size/Set",
    "Variable-length quantity": "https://rosettacode.org/wiki/Variable-length_quantity",
    "Variables": "https://rosettacode.org/wiki/Variables",
    "Variadic function": "https://rosettacode.org/wiki/Variadic_function",
    "Vector": "https://rosettacode.org/wiki/Vector",
    "Vector products": "https://rosettacode.org/wiki/Vector_products",
    "Verhoeff algorithm": "https://rosettacode.org/wiki/Verhoeff_algorithm",
    "Verify distribution uniformity/Chi-squared test": "https://rosettacode.org/wiki/Verify_distribution_uniformity/Chi-squared_test",
    "Verify distribution uniformity/Naive": "https://rosettacode.org/wiki/Verify_distribution_uniformity/Naive",
    "Video display modes": "https://rosettacode.org/wiki/Video_display_modes",
    "Vigen\u00e8re cipher": "https://rosettacode.org/wiki/Vigen%C3%A8re_cipher",
    "Vigen\u00e8re cipher/Cryptanalysis": "https://rosettacode.org/wiki/Vigen%C3%A8re_cipher/Cryptanalysis",
    "Visualize a tree": "https://rosettacode.org/wiki/Visualize_a_tree",
    "Vogel's approximation method": "https://rosettacode.org/wiki/Vogel%27s_approximation_method",
    "Voronoi diagram": "https://rosettacode.org/wiki/Voronoi_diagram",
    "Walk a directory/Non-recursively": "https://rosettacode.org/wiki/Walk_a_directory/Non-recursively",
    "Walk a directory/Recursively": "https://rosettacode.org/wiki/Walk_a_directory/Recursively",
    "War card game": "https://rosettacode.org/wiki/War_card_game",
    "Water collected between towers": "https://rosettacode.org/wiki/Water_collected_between_towers",
    "Web scraping": "https://rosettacode.org/wiki/Web_scraping",
    "Weird numbers": "https://rosettacode.org/wiki/Weird_numbers",
    "Wilson primes of order n": "https://rosettacode.org/wiki/Wilson_primes_of_order_n",
    "Window creation": "https://rosettacode.org/wiki/Window_creation",
    "Window creation/X11": "https://rosettacode.org/wiki/Window_creation/X11",
    "Window management": "https://rosettacode.org/wiki/Window_management",
    "Wireworld": "https://rosettacode.org/wiki/Wireworld",
    "Word frequency": "https://rosettacode.org/wiki/Word_frequency",
    "Word ladder": "https://rosettacode.org/wiki/Word_ladder",
    "Word search": "https://rosettacode.org/wiki/Word_search",
    "Word wheel": "https://rosettacode.org/wiki/Word_wheel",
    "Word wrap": "https://rosettacode.org/wiki/Word_wrap",
    "Wordiff": "https://rosettacode.org/wiki/Wordiff",
    "World Cup group stage": "https://rosettacode.org/wiki/World_Cup_group_stage",
    "Write entire file": "https://rosettacode.org/wiki/Write_entire_file",
    "Write float arrays to a text file": "https://rosettacode.org/wiki/Write_float_arrays_to_a_text_file",
    "Write language name in 3D ASCII": "https://rosettacode.org/wiki/Write_language_name_in_3D_ASCII",
    "Write to Windows event log": "https://rosettacode.org/wiki/Write_to_Windows_event_log",
    "Xiaolin Wu's line algorithm": "https://rosettacode.org/wiki/Xiaolin_Wu%27s_line_algorithm",
    "XML/DOM serialization": "https://rosettacode.org/wiki/XML/DOM_serialization",
    "XML/Input": "https://rosettacode.org/wiki/XML/Input",
    "XML/Output": "https://rosettacode.org/wiki/XML/Output",
    "XML/XPath": "https://rosettacode.org/wiki/XML/XPath",
    "Y combinator": "https://rosettacode.org/wiki/Y_combinator",
    "Yahoo! search interface": "https://rosettacode.org/wiki/Yahoo!_search_interface",
    "Yellowstone sequence": "https://rosettacode.org/wiki/Yellowstone_sequence",
    "Yin and yang": "https://rosettacode.org/wiki/Yin_and_yang",
    "Zebra puzzle": "https://rosettacode.org/wiki/Zebra_puzzle",
    "Zeckendorf arithmetic": "https://rosettacode.org/wiki/Zeckendorf_arithmetic",
    "Zeckendorf number representation": "https://rosettacode.org/wiki/Zeckendorf_number_representation",
    "Zero to the zero power": "https://rosettacode.org/wiki/Zero_to_the_zero_power",
    "Zhang-Suen thinning algorithm": "https://rosettacode.org/wiki/Zhang-Suen_thinning_algorithm",
    "Zig-zag matrix": "https://rosettacode.org/wiki/Zig-zag_matrix",
    "Zumkeller numbers": "https://rosettacode.org/wiki/Zumkeller_numbers"
}