{
    "C": "/sdcard/Dev/Portfolio/ProjectTemplate/Languages/C",
    "C#": "/sdcard/Dev/Portfolio/ProjectTemplate/Languages/C#",
    "C++": "/sdcard/Dev/Portfolio/ProjectTemplate/Languages/C++",
    "Java": "/sdcard/Dev/Portfolio/ProjectTemplate/Languages/Java",
    "Kotlin": "/sdcard/Dev/Portfolio/ProjectTemplate/Languages/Kotlin",
    "Python": "/sdcard/Dev/Portfolio/ProjectTemplate/Languages/Python",
    "R": "/sdcard/Dev/Portfolio/ProjectTemplate/Languages/R",
    "Swift": "/sdcard/Dev/Portfolio/ProjectTemplate/Languages/Swift",
     "Web": "/sdcard/Dev/Portfolio/ProjectTemplate/Languages/Web"
}